"","sample_name","new_phenotype"
"1","AZ-ARHI-Plaat2-0097",0
"2","AZ-ARHI-Plaat2-0098",0
"3","AZ-ARHI-Plaat2-0099",0
"4","AZ-ARHI-Plaat2-0100",0
"5","AZ-ARHI-Plaat2-0101",0
"6","AZ-ARHI-Plaat2-0102",0
"7","AZ-ARHI-Plaat2-0103",0
"8","AZ-ARHI-Plaat2-0104",0
"9","AZ-ARHI-Plaat2-0105",0
"10","AZ-ARHI-Plaat2-0107",0
"11","AZ-ARHI-Plaat2-0108",0
"12","AZ-ARHI-Plaat2-0109",0
"13","AZ-ARHI-Plaat2-0110",0
"14","AZ-ARHI-Plaat2-0111",0
"15","AZ-ARHI-Plaat2-0112",0
"16","AZ-ARHI-Plaat2-0113",0
"17","AZ-ARHI-Plaat2-0114",0
"18","AZ-ARHI-Plaat2-0115",0
"19","AZ-ARHI-Plaat2-0116",0
"20","AZ-ARHI-Plaat2-0117",0
"21","AZ-ARHI-Plaat2-0118",0
"22","AZ-ARHI-Plaat2-0119",0
"23","AZ-ARHI-Plaat2-0120",0
"24","AZ-ARHI-Plaat2-0121",0
"25","AZ-ARHI-Plaat2-0122",0
"26","AZ-ARHI-Plaat2-0124",0
"27","AZ-ARHI-Plaat2-0125",0
"28","AZ-ARHI-Plaat2-0127",0
"29","AZ-ARHI-Plaat2-0128",0
"30","AZ-ARHI-Plaat2-0129",0
"31","AZ-ARHI-Plaat2-0130",0
"32","AZ-ARHI-Plaat2-0131",0
"33","AZ-ARHI-Plaat2-0132",0
"34","AZ-ARHI-Plaat2-0133",0
"35","AZ-ARHI-Plaat2-0134",0
"36","AZ-ARHI-Plaat2-0135",0
"37","AZ-ARHI-Plaat2-0136",0
"38","AZ-ARHI-Plaat2-0137",0
"39","AZ-ARHI-Plaat2-0138",0
"40","AZ-ARHI-Plaat2-0139",0
"41","AZ-ARHI-Plaat2-0140",0
"42","AZ-ARHI-Plaat2-0141",0
"43","AZ-ARHI-Plaat2-0142",0
"44","AZ-ARHI-Plaat2-0143",0
"45","AZ-ARHI-Plaat2-0144",0
"46","AZ-ARHI-Plaat2-0145",0
"47","AZ-ARHI-Plaat2-0146",0
"48","AZ-ARHI-Plaat2-0147",0
"49","AZ-ARHI-Plaat2-0148",0
"50","AZ-ARHI-Plaat2-0149",0
"51","AZ-ARHI-Plaat2-0150",0
"52","AZ-ARHI-Plaat2-0152",0
"53","AZ-ARHI-Plaat2-0153",0
"54","AZ-ARHI-Plaat2-0154",0
"55","AZ-ARHI-Plaat2-0155",0
"56","AZ-ARHI-Plaat2-0156",0
"57","AZ-ARHI-Plaat2-0157",0
"58","AZ-ARHI-Plaat2-0158",0
"59","AZ-ARHI-Plaat2-0159",0
"60","AZ-ARHI-Plaat2-0160",0
"61","AZ-ARHI-Plaat2-0161",0
"62","AZ-ARHI-Plaat2-0162",0
"63","AZ-ARHI-Plaat2-0163",0
"64","AZ-ARHI-Plaat2-0164",0
"65","AZ-ARHI-Plaat2-0165",0
"66","AZ-ARHI-Plaat2-0166",0
"67","AZ-ARHI-Plaat2-0167",0
"68","AZ-ARHI-Plaat2-0168",0
"69","AZ-ARHI-Plaat2-0169",0
"70","AZ-ARHI-Plaat2-0170",0
"71","AZ-ARHI-Plaat2-0171",0
"72","AZ-ARHI-Plaat2-0172",0
"73","AZ-ARHI-Plaat2-0173",0
"74","AZ-ARHI-Plaat2-0174",0
"75","AZ-ARHI-Plaat2-0175",0
"76","AZ-ARHI-Plaat2-0178",0
"77","AZ-ARHI-Plaat2-0179",0
"78","AZ-ARHI-Plaat2-0180",0
"79","AZ-ARHI-Plaat2-0181",0
"80","AZ-ARHI-Plaat2-0182",0
"81","AZ-ARHI-Plaat2-0183",0
"82","AZ-ARHI-Plaat2-0184",0
"83","AZ-ARHI-Plaat2-0185",0
"84","AZ-ARHI-Plaat2-0186",0
"85","AZ-ARHI-Plaat2-0187",0
"86","AZ-ARHI-Plaat2-0188",0
"87","AZ-ARHI-Plaat2-0189",0
"88","AZ-ARHI-Plaat2-0192",0
"89","AZ-ARHI-Plaat4-0310",0
"90","AZ-ARHI-Plaat4-0311",0
"91","AZ-ARHI-Plaat4-0313",0
"92","AZ-ARHI-Plaat4-0314",0
"93","AZ-ARHI-Plaat4-0317",0
"94","AZ-ARHI-Plaat4-0319",0
"95","AZ-ARHI-Plaat4-0320",0
"96","AZ-ARHI-Plaat4-0321",0
"97","AZ-ARHI-Plaat4-0322",0
"98","AZ-ARHI-Plaat4-0323",0
"99","AZ-ARHI-Plaat4-0324",0
"100","AZ-ARHI-Plaat4-0325",0
"101","AZ-ARHI-Plaat4-0327",0
"102","AZ-ARHI-Plaat4-0329",0
"103","AZ-ARHI-Plaat4-0330",0
"104","AZ-ARHI-Plaat4-0332",0
"105","AZ-ARHI-Plaat4-0334",0
"106","AZ-ARHI-Plaat4-0336",0
"107","AZ-ARHI-Plaat4-0338",0
"108","AZ-ARHI-Plaat4-0339",0
"109","AZ-ARHI-Plaat4-0340",0
"110","AZ-ARHI-Plaat4-0341",0
"111","AZ-ARHI-Plaat4-0342",0
"112","AZ-ARHI-Plaat4-0343",0
"113","AZ-ARHI-Plaat4-0344",0
"114","AZ-ARHI-Plaat4-0345",0
"115","AZ-ARHI-Plaat4-0346",0
"116","AZ-ARHI-Plaat4-0347",0
"117","AZ-ARHI-Plaat4-0348",0
"118","AZ-ARHI-Plaat4-0349",0
"119","AZ-ARHI-Plaat4-0350",0
"120","AZ-ARHI-Plaat4-0351",0
"121","AZ-ARHI-Plaat4-0352",0
"122","AZ-ARHI-Plaat4-0353",0
"123","AZ-ARHI-Plaat4-0354",0
"124","AZ-ARHI-Plaat4-0355",0
"125","AZ-ARHI-Plaat4-0356",0
"126","AZ-ARHI-Plaat4-0358",0
"127","AZ-ARHI-Plaat4-0359",0
"128","AZ-ARHI-Plaat4-0360",0
"129","AZ-ARHI-Plaat4-0362",0
"130","AZ-ARHI-Plaat4-0364",0
"131","AZ-ARHI-Plaat4-0365",0
"132","AZ-ARHI-Plaat4-0366",0
"133","AZ-ARHI-Plaat4-0368",0
"134","AZ-ARHI-Plaat4-0369",0
"135","AZ-ARHI-Plaat4-0370",0
"136","AZ-ARHI-Plaat4-0371",0
"137","AZ-ARHI-Plaat4-0372",0
"138","AZ-ARHI-Plaat4-0373",0
"139","AZ-ARHI-Plaat4-0374",0
"140","AZ-ARHI-Plaat4-0377",0
"141","AZ-ARHI-Plaat4-0378",0
"142","AZ-ARHI-Plaat4-0380",0
"143","AZ-ARHI-Plaat4-0381",0
"144","AZ-ARHI-Plaat4-0382",0
"145","AZ-ARHI-Plaat4-0383",0
"146","AZ-ARHI-Plaat4-0384",0
"147","AZ-ARHI-Plaat4-0385",0
"148","AZ-ARHI-Plaat4-0386",0
"149","AZ-ARHI-Plaat4-0387",0
"150","AZ-ARHI-Plaat4-0388",0
"151","AZ-ARHI-Plaat4-0389",0
"152","AZ-ARHI-Plaat4-0390",0
"153","AZ-ARHI-Plaat4-0391",0
"154","AZ-ARHI-Plaat4-0392",0
"155","AZ-ARHI-Plaat4-0393",0
"156","AZ-ARHI-Plaat4-0394",0
"157","AZ-ARHI-Plaat4-0395",0
"158","AZ-ARHI-Plaat4-0396",0
"159","AZ-ARHI-Plaat4-0397",0
"160","AZ-ARHI-Plaat4-0398",0
"161","AZ-ARHI-Plaat4-0399",0
"162","AZ-ARHI-Plaat4-0402",0
"163","AZ-ARHI-Plaat4-0403",0
"164","AZ-ARHI-Plaat4-0404",0
"165","AZ-ARHI-Plaat4-0405",0
"166","AZ-ARHI-Plaat4-0406",0
"167","AZ-ARHI-Plaat4-0407",0
"168","AZ-ARHI-Plaat4-0408",0
"169","AZ-ARHI-Plaat4-0409",0
"170","AZ-ARHI-Plaat4-0410",0
"171","AZ-ARHI-Plaat4-0412",0
"172","AZ-ARHI-Plaat4-0413",0
"173","AZ-ARHI-Plaat4-0414",0
"174","AZ-ARHI-Plaat4-0415",0
"175","AZ-ARHI-Plaat4-0416",0
"176","AZ-ARHI-Plaat4-0417",0
"177","AZ-ARHI-Plaat4-0418",0
"178","AZ-ARHI-Plaat4-0419",0
"179","AZ-ARHI-Plaat4-0420",0
"180","AZ-ARHI-Plaat4-0422",0
"181","AZ_ARHI_Plaat_1_AZ_0001",0
"182","AZ_ARHI_Plaat_1_AZ_0002",0
"183","AZ_ARHI_Plaat_1_AZ_0004",0
"184","AZ_ARHI_Plaat_1_AZ_0005",0
"185","AZ_ARHI_Plaat_1_AZ_0006",0
"186","AZ_ARHI_Plaat_1_AZ_0008",0
"187","AZ_ARHI_Plaat_1_AZ_0009",0
"188","AZ_ARHI_Plaat_1_AZ_0010",0
"189","AZ_ARHI_Plaat_1_AZ_0011",0
"190","AZ_ARHI_Plaat_1_AZ_0012",0
"191","AZ_ARHI_Plaat_1_AZ_0013",0
"192","AZ_ARHI_Plaat_1_AZ_0014",0
"193","AZ_ARHI_Plaat_1_AZ_0015",0
"194","AZ_ARHI_Plaat_1_AZ_0016",0
"195","AZ_ARHI_Plaat_1_AZ_0017",0
"196","AZ_ARHI_Plaat_1_AZ_0018",0
"197","AZ_ARHI_Plaat_1_AZ_0019",0
"198","AZ_ARHI_Plaat_1_AZ_0020",0
"199","AZ_ARHI_Plaat_1_AZ_0021",0
"200","AZ_ARHI_Plaat_1_AZ_0022",0
"201","AZ_ARHI_Plaat_1_AZ_0023",0
"202","AZ_ARHI_Plaat_1_AZ_0024",0
"203","AZ_ARHI_Plaat_1_AZ_0026",0
"204","AZ_ARHI_Plaat_1_AZ_0027",0
"205","AZ_ARHI_Plaat_1_AZ_0028",0
"206","AZ_ARHI_Plaat_1_AZ_0029",0
"207","AZ_ARHI_Plaat_1_AZ_0030",0
"208","AZ_ARHI_Plaat_1_AZ_0031",0
"209","AZ_ARHI_Plaat_1_AZ_0032",0
"210","AZ_ARHI_Plaat_1_AZ_0033",0
"211","AZ_ARHI_Plaat_1_AZ_0034",0
"212","AZ_ARHI_Plaat_1_AZ_0035",0
"213","AZ_ARHI_Plaat_1_AZ_0036",0
"214","AZ_ARHI_Plaat_1_AZ_0038",0
"215","AZ_ARHI_Plaat_1_AZ_0039",0
"216","AZ_ARHI_Plaat_1_AZ_0040",0
"217","AZ_ARHI_Plaat_1_AZ_0042",0
"218","AZ_ARHI_Plaat_1_AZ_0043",0
"219","AZ_ARHI_Plaat_1_AZ_0044",0
"220","AZ_ARHI_Plaat_1_AZ_0045",0
"221","AZ_ARHI_Plaat_1_AZ_0046",0
"222","AZ_ARHI_Plaat_1_AZ_0047",0
"223","AZ_ARHI_Plaat_1_AZ_0049",0
"224","AZ_ARHI_Plaat_1_AZ_0050",0
"225","AZ_ARHI_Plaat_1_AZ_0051",0
"226","AZ_ARHI_Plaat_1_AZ_0052",0
"227","AZ_ARHI_Plaat_1_AZ_0053",0
"228","AZ_ARHI_Plaat_1_AZ_0054",0
"229","AZ_ARHI_Plaat_1_AZ_0055",0
"230","AZ_ARHI_Plaat_1_AZ_0056",0
"231","AZ_ARHI_Plaat_1_AZ_0057",0
"232","AZ_ARHI_Plaat_1_AZ_0058",0
"233","AZ_ARHI_Plaat_1_AZ_0059",0
"234","AZ_ARHI_Plaat_1_AZ_0060",0
"235","AZ_ARHI_Plaat_1_AZ_0061",0
"236","AZ_ARHI_Plaat_1_AZ_0062",0
"237","AZ_ARHI_Plaat_1_AZ_0063",0
"238","AZ_ARHI_Plaat_1_AZ_0064",0
"239","AZ_ARHI_Plaat_1_AZ_0065",0
"240","AZ_ARHI_Plaat_1_AZ_0066",0
"241","AZ_ARHI_Plaat_1_AZ_0067",0
"242","AZ_ARHI_Plaat_1_AZ_0068",0
"243","AZ_ARHI_Plaat_1_AZ_0069",0
"244","AZ_ARHI_Plaat_1_AZ_0070",0
"245","AZ_ARHI_Plaat_1_AZ_0071",0
"246","AZ_ARHI_Plaat_1_AZ_0072",0
"247","AZ_ARHI_Plaat_1_AZ_0073",0
"248","AZ_ARHI_Plaat_1_AZ_0075",0
"249","AZ_ARHI_Plaat_1_AZ_0076",0
"250","AZ_ARHI_Plaat_1_AZ_0077",0
"251","AZ_ARHI_Plaat_1_AZ_0078",0
"252","AZ_ARHI_Plaat_1_AZ_0079",0
"253","AZ_ARHI_Plaat_1_AZ_0080",0
"254","AZ_ARHI_Plaat_1_AZ_0081",0
"255","AZ_ARHI_Plaat_1_AZ_0082",0
"256","AZ_ARHI_Plaat_1_AZ_0083",0
"257","AZ_ARHI_Plaat_1_AZ_0084",0
"258","AZ_ARHI_Plaat_1_AZ_0085",0
"259","AZ_ARHI_Plaat_1_AZ_0086",0
"260","AZ_ARHI_Plaat_1_AZ_0088",0
"261","AZ_ARHI_Plaat_1_AZ_0089",0
"262","AZ_ARHI_Plaat_1_AZ_0090",0
"263","AZ_ARHI_Plaat_1_AZ_0091",0
"264","AZ_ARHI_Plaat_1_AZ_0092",0
"265","AZ_ARHI_Plaat_1_AZ_0093",0
"266","AZ_ARHI_Plaat_1_AZ_0094",0
"267","AZ_ARHI_Plaat_1_AZ_0095",0
"268","AZ_ARHI_Plaat_1_AZ_0096",0
"269","BAN-C1-10350",0
"270","BAN-C1-19023",0
"271","BAN-C1-19153",0
"272","BAN-C1-19211",0
"273","BAN-C1-20632",0
"274","BAN-C1-21679",0
"275","BAN-C1-22440",0
"276","BAN-C1-28554",0
"277","BAN-C1-29090",0
"278","BAN-C1-29733",0
"279","BAN-C1-29843",0
"280","BAN-C1-29895",0
"281","BAN-C1-30495",0
"282","BAN-C1-31028",0
"283","BAN-C1-33217",0
"284","BAN-C1-40021",0
"285","BAN-C1-40078",0
"286","BAN-C1-40204",0
"287","BAN-C1-40313",0
"288","BAN-C1-40321",0
"289","BAN-C1-40339",0
"290","BAN-C1-40368",0
"291","BAN-C1-40390",0
"292","BAN-C1-40470",0
"293","BAN-C1-40489",0
"294","BAN-C1-40528",0
"295","BAN-C1-40555",0
"296","BAN-C1-40623",0
"297","BAN-C1-40626",0
"298","BAN-C1-40641",0
"299","BAN-C1-40769",0
"300","BAN-C1-40785",0
"301","BAN-C1-40824",0
"302","BAN-C1-40877",0
"303","BAN-C1-40884",0
"304","BAN-C1-40907",0
"305","BAN-C1-41146",0
"306","BAN-C1-42039",0
"307","BAN-C1-42054",0
"308","BAN-C1-43025",0
"309","BAN-C1-43091",0
"310","BAN-C1-43231",0
"311","BAN-C1-43473",0
"312","BAN-C1-43686",0
"313","BAN-C1-43915",0
"314","BAN-C1-44029",0
"315","BAN-C1-44090",0
"316","BAN-C1-44164",0
"317","BAN-C1-44177",0
"318","BAN-C1-44500",0
"319","BAN-C1-45535",0
"320","BAN-C1-46234",0
"321","BAN-C1-46236",0
"322","BAN-C1-46857",0
"323","BAN-C1-46905",0
"324","BAN-C1-47257",0
"325","BAN-C1-47435",0
"326","BAN-C1-47816",0
"327","BAN-C1-50319",0
"328","BAN-C1-50607",0
"329","BAN-C1-51492",0
"330","BAN-C1-54218",0
"331","BAN-C1-54221",0
"332","BAN-C1-54308",0
"333","BAN-C1-55173",0
"334","BAN-C1-57687",0
"335","BAN-C1-57877",0
"336","BAN-C1-58236",0
"337","BAN-C1-58652",0
"338","BAN-C1-58801",0
"339","BAN-C1-61470",0
"340","BAN-C1-61547",0
"341","BAN-C1-62656",0
"342","BAN-C1-63602",0
"343","BAN-C1-64306",0
"344","BAN-C1-65272",0
"345","BAN-C1-66810",0
"346","BAN-C1-66868",0
"347","BAN-C1-67064",0
"348","BAN-C1-67276",0
"349","BAN-C1-67887",0
"350","BAN-C1-68410",0
"351","BAN-C2-10451",0
"352","BAN-C2-11337",0
"353","BAN-C2-11437",0
"354","BAN-C2-11577",0
"355","BAN-C2-12526",0
"356","BAN-C2-18466",0
"357","BAN-C2-22233",0
"358","BAN-C2-25197",0
"359","BAN-C2-31857",0
"360","BAN-C2-32925",0
"361","BAN-C2-40025",0
"362","BAN-C2-40337",0
"363","BAN-C2-40385",0
"364","BAN-C2-40386",0
"365","BAN-C2-40388",0
"366","BAN-C2-40481",0
"367","BAN-C2-40490",0
"368","BAN-C2-40524",0
"369","BAN-C2-40553",0
"370","BAN-C2-40558",0
"371","BAN-C2-40607",0
"372","BAN-C2-40631",0
"373","BAN-C2-40647",0
"374","BAN-C2-40654",0
"375","BAN-C2-40656",0
"376","BAN-C2-40670",0
"377","BAN-C2-40732",0
"378","BAN-C2-40848",0
"379","BAN-C2-40850",0
"380","BAN-C2-40880",0
"381","BAN-C2-40906",0
"382","BAN-C2-40930",0
"383","BAN-C2-4094",0
"384","BAN-C2-40949",0
"385","BAN-C2-41370",0
"386","BAN-C2-41837",0
"387","BAN-C2-41941",0
"388","BAN-C2-42194",0
"389","BAN-C2-42247",0
"390","BAN-C2-43057",0
"391","BAN-C2-4331",0
"392","BAN-C2-43829",0
"393","BAN-C2-44107",0
"394","BAN-C2-44261",0
"395","BAN-C2-44274",0
"396","BAN-C2-44624",0
"397","BAN-C2-44693",0
"398","BAN-C2-45112",0
"399","BAN-C2-45593",0
"400","BAN-C2-45795",0
"401","BAN-C2-45925",0
"402","BAN-C2-46012",0
"403","BAN-C2-46230",0
"404","BAN-C2-46379",0
"405","BAN-C2-46779",0
"406","BAN-C2-47156",0
"407","BAN-C2-47325",0
"408","BAN-C2-48512",0
"409","BAN-C2-48909",0
"410","BAN-C2-50827",0
"411","BAN-C2-51311",0
"412","BAN-C2-52365",0
"413","BAN-C2-52426",0
"414","BAN-C2-52802",0
"415","BAN-C2-57023",0
"416","BAN-C2-59858",0
"417","BAN-C2-62618",0
"418","BAN-C2-63482",0
"419","BAN-C2-63807",0
"420","BAN-C2-64664",0
"421","BAN-C2-64717",0
"422","BAN-C2-65351",0
"423","BAN-C2-66334",0
"424","BAN-C2-66532",0
"425","BAN-C2-66958",0
"426","BAN-P1-29228",1
"427","BAN-P1-41674",1
"428","BAN-P1-41678",1
"429","BAN-P1-41900",1
"430","BAN-P1-42074",1
"431","BAN-P1-42163",1
"432","BAN-P1-42181",1
"433","BAN-P1-42242",1
"434","BAN-P1-42487",1
"435","BAN-P1-42648",1
"436","BAN-P1-42649",1
"437","BAN-P1-43067",1
"438","BAN-P1-43145",1
"439","BAN-P1-43148",1
"440","BAN-P1-43561",1
"441","BAN-P1-43673",1
"442","BAN-P1-43894",1
"443","BAN-P1-44366",1
"444","BAN-P1-44409",1
"445","BAN-P1-44446",1
"446","BAN-P1-44447",1
"447","BAN-P1-44476",1
"448","BAN-P1-44477",1
"449","BAN-P1-44478",1
"450","BAN-P1-44479",1
"451","BAN-P1-44554",1
"452","BAN-P1-44604",1
"453","BAN-P1-44654",1
"454","BAN-P1-44720",1
"455","BAN-P1-44721",1
"456","BAN-P1-44739",1
"457","BAN-P1-44781",1
"458","BAN-P1-44917",1
"459","BAN-P1-44930",1
"460","BAN-P1-44948",1
"461","BAN-P1-45002",1
"462","BAN-P1-45003",1
"463","BAN-P1-45118",1
"464","BAN-P1-45319",1
"465","BAN-P1-45320",1
"466","BAN-P1-45321",1
"467","BAN-P1-45473",1
"468","BAN-P1-45569",1
"469","BAN-P1-45621",1
"470","BAN-P1-45691",1
"471","BAN-P1-45702",1
"472","BAN-P1-45746",1
"473","BAN-P1-45757",1
"474","BAN-P1-45762",1
"475","BAN-P1-45763",1
"476","BAN-P1-45764",1
"477","BAN-P1-45845",1
"478","BAN-P1-45857",1
"479","BAN-P1-45858",1
"480","BAN-P1-45859",1
"481","BAN-P1-45860",1
"482","BAN-P1-45898",1
"483","BAN-P1-45945",1
"484","BAN-P1-45946",1
"485","BAN-P1-46089",1
"486","BAN-P1-46090",1
"487","BAN-P1-46117",1
"488","BAN-P1-46118",1
"489","BAN-P1-46119",1
"490","BAN-P1-46120",1
"491","BAN-P1-46268",1
"492","BAN-P1-46270",1
"493","BAN-P1-46297",1
"494","BAN-P1-46333",1
"495","BAN-P1-46334",1
"496","BAN-P1-46335",1
"497","BAN-P1-46341",1
"498","BAN-P1-46427",1
"499","BAN-P1-46429",1
"500","BAN-P1-46430",1
"501","BAN-P1-46431",1
"502","BAN-P1-46479",1
"503","BAN-P1-46480",1
"504","BAN-P1-46523",1
"505","BAN-P1-46738",1
"506","BAN-P1-46752",1
"507","BAN-P1-46757",1
"508","BAN-P1-46789",1
"509","BAN-P1-46830",1
"510","BAN-P1-46858",1
"511","BAN-P1-46963",1
"512","BAN-P1-46964",1
"513","BAN-P1-46965",1
"514","BAN-P1-47141",1
"515","BAN-P1-47142",1
"516","BAN-P2-45786",1
"517","BAN-P2-47240",1
"518","BAN-P2-47304",1
"519","BAN-P2-47305",1
"520","BAN-P2-47306",1
"521","BAN-P2-47319",1
"522","BAN-P2-47323",1
"523","BAN-P2-47324",1
"524","BAN-P2-47379",1
"525","BAN-P2-47408",1
"526","BAN-P2-47572",1
"527","BAN-P2-47580",1
"528","BAN-P2-47691",1
"529","BAN-P2-47810",1
"530","BAN-P2-47849",1
"531","BAN-P2-47875",1
"532","BAN-P2-47963",1
"533","BAN-P2-47973",1
"534","BAN-P2-47974",1
"535","BAN-P2-48075",1
"536","BAN-P2-48184",1
"537","BAN-P2-48301",1
"538","BAN-P2-48338",1
"539","BAN-P2-48340",1
"540","BAN-P2-48341",1
"541","BAN-P2-48380",1
"542","BAN-P2-48381",1
"543","BAN-P2-48382",1
"544","BAN-P2-48520",1
"545","BAN-P2-48521",1
"546","BAN-P2-48641",1
"547","BAN-P2-48759",1
"548","BAN-P2-48787",1
"549","BAN-P2-49003",1
"550","BAN-P2-49095",1
"551","BAN-P2-49172",1
"552","BAN-P2-49173",1
"553","BAN-P2-49212",1
"554","BAN-P2-49213",1
"555","BAN-P2-49214",1
"556","BAN-P2-49215",1
"557","BAN-P2-49216",1
"558","BAN-P2-49403",1
"559","BAN-P2-49404",1
"560","BAN-P2-49405",1
"561","BAN-P2-49411",1
"562","BAN-P2-49412",1
"563","BAN-P2-49539",1
"564","BAN-P2-49540",1
"565","BAN-P2-49636",1
"566","BAN-P2-49637",1
"567","BAN-P2-49692",1
"568","BAN-P2-49693",1
"569","BAN-P2-49956",1
"570","BAN-P2-50107",1
"571","BAN-P2-50263",1
"572","BAN-P2-50408",1
"573","BAN-P2-50409",1
"574","BAN-P2-50613",1
"575","BAN-P2-50698",1
"576","BAN-P2-50699",1
"577","BAN-P2-50700",1
"578","BAN-P2-50701",1
"579","BAN-P2-50822",1
"580","BAN-P2-50883",1
"581","BAN-P2-50884",1
"582","BAN-P2-51013",1
"583","BAN-P2-51226",1
"584","BAN-P2-51259",1
"585","BAN-P2-51260",1
"586","BAN-P2-51276",1
"587","BAN-P2-51277",1
"588","BAN-P2-51278",1
"589","BAN-P2-51279",1
"590","BAN-P2-51280",1
"591","BAN-P2-51281",1
"592","BAN-P2-51282",1
"593","BAN-P2-51286",1
"594","BAN-P2-51287",1
"595","BAN-P2-51365",1
"596","BAN-P2-51635",1
"597","BAN-P2-51814",1
"598","BAN-P2-52021",1
"599","BAN-P2-52022",1
"600","BAN-P2-52023",1
"601","BAN-P2-52095",1
"602","BAN-P2-52096",1
"603","BAN-P2-52129",1
"604","BAN_C3_10569",0
"605","BAN_C3_16658",0
"606","BAN_C3_22750",0
"607","BAN_C3_26126",0
"608","BAN_C3_28834",0
"609","BAN_C3_29819",0
"610","BAN_C3_31870",0
"611","BAN_C3_40024",0
"612","BAN_C3_40472",0
"613","BAN_C3_40497",0
"614","BAN_C3_40530",0
"615","BAN_C3_40579",0
"616","BAN_C3_40625",0
"617","BAN_C3_40639",0
"618","BAN_C3_40640",0
"619","BAN_C3_40658",0
"620","BAN_C3_40723",0
"621","BAN_C3_40790",0
"622","BAN_C3_40834",0
"623","BAN_C3_40872",0
"624","BAN_C3_41228",0
"625","BAN_C3_41618",0
"626","BAN_C3_41794",0
"627","BAN_C3_41971",0
"628","BAN_C3_42064",0
"629","BAN_C3_42101",0
"630","BAN_C3_42238",0
"631","BAN_C3_42506",0
"632","BAN_C3_42934",0
"633","BAN_C3_43794",0
"634","BAN_C3_43833",0
"635","BAN_C3_44392",0
"636","BAN_C3_44518",0
"637","BAN_C3_44522",0
"638","BAN_C3_44708",0
"639","BAN_C3_44912",0
"640","BAN_C3_44940",0
"641","BAN_C3_45595",0
"642","BAN_C3_45630",0
"643","BAN_C3_45803",0
"644","BAN_C3_50267",0
"645","BAN_C3_50446",0
"646","BAN_C3_52234",0
"647","BAN_C3_52992",0
"648","BAN_C3_53972",0
"649","BAN_C3_55449",0
"650","BAN_C3_55604",0
"651","BAN_C3_57048",0
"652","BAN_C3_57278",0
"653","BAN_C3_576",0
"654","BAN_C3_57683",0
"655","BAN_C3_57688",0
"656","BAN_C3_57697",0
"657","BAN_C3_58141",0
"658","BAN_C3_58735",0
"659","BAN_C3_60068",0
"660","BAN_C3_60388",0
"661","BAN_C3_60655",0
"662","BAN_C3_61368",0
"663","BAN_C3_61516",0
"664","BAN_C3_61973",0
"665","BAN_C3_62072",0
"666","BAN_C3_62613",0
"667","BAN_C3_63811",0
"668","BAN_C3_63839",0
"669","BAN_C3_64287",0
"670","BAN_C3_64306",0
"671","BAN_C3_64467",0
"672","BAN_C3_66196",0
"673","BAN_C3_66389",0
"674","BAN_C3_66433",0
"675","BAN_C3_66598",0
"676","BAN_C3_67311",0
"677","BAN_C3_67416",0
"678","BAN_C4_20684",0
"679","BAN_C4_2520",0
"680","BAN_C4_40307",0
"681","BAN_C4_40356",0
"682","BAN_C4_41313",0
"683","BAN_C4_41464",0
"684","BAN_C4_41940",0
"685","BAN_C4_42280",0
"686","BAN_C4_42442",0
"687","BAN_C4_42800",0
"688","BAN_C4_43704",0
"689","BAN_C4_45832",0
"690","BAN_C4_46186",0
"691","BAN_C4_46446",0
"692","BAN_C4_48553",0
"693","BAN_C4_48745",0
"694","BAN_C4_50049",0
"695","BAN_C4_50388",0
"696","BAN_C4_50949",0
"697","BAN_C4_51402",0
"698","BAN_C4_51485",0
"699","BAN_C4_51861",0
"700","BAN_C4_52020",0
"701","BAN_C4_52730",0
"702","BAN_C4_53537",0
"703","BAN_C4_54048",0
"704","BAN_C4_54092",0
"705","BAN_C4_54103",0
"706","BAN_C4_55196",0
"707","BAN_C4_55256",0
"708","BAN_C4_55509",0
"709","BAN_C4_56173",0
"710","BAN_C4_57049",0
"711","BAN_C4_57491",0
"712","BAN_C4_57590",0
"713","BAN_C4_57854",0
"714","BAN_C4_57912",0
"715","BAN_C4_59096",0
"716","BAN_C4_59336",0
"717","BAN_C4_59539",0
"718","BAN_C4_59850",0
"719","BAN_C4_59983",0
"720","BAN_C4_60452",0
"721","BAN_C4_60600",0
"722","BAN_C4_61667",0
"723","BAN_C4_61808",0
"724","BAN_C4_61882",0
"725","BAN_C4_61894",0
"726","BAN_C4_62483",0
"727","BAN_C4_62555",0
"728","BAN_C4_62842",0
"729","BAN_C4_63152",0
"730","BAN_C4_63332",0
"731","BAN_C4_63407",0
"732","BAN_C4_63530",0
"733","BAN_C4_63703",0
"734","BAN_C4_63734",0
"735","BAN_C4_63904",0
"736","BAN_C4_64101",0
"737","BAN_C4_64239",0
"738","BAN_C4_64346",0
"739","BAN_C4_64584",0
"740","BAN_C4_64737",0
"741","BAN_C4_64987",0
"742","BAN_C4_65042",0
"743","BAN_C4_65308",0
"744","BAN_C4_65401",0
"745","BAN_C4_65552",0
"746","BAN_C4_65562",0
"747","BAN_C4_65728",0
"748","BAN_C4_65731",0
"749","BAN_C4_66531",0
"750","BAN_C4_67470",0
"751","BAN_C4_68384",0
"752","BAN_C4_71750",0
"753","BAN_C4_72963",0
"754","BAN_C5_32914",0
"755","BAN_C5_40711",0
"756","BAN_C5_41080",0
"757","BAN_C5_42170",0
"758","BAN_C5_42195",0
"759","BAN_C5_43895",0
"760","BAN_C5_44969",0
"761","BAN_C5_44972",0
"762","BAN_C5_46478",0
"763","BAN_C5_47653",0
"764","BAN_C5_47834",0
"765","BAN_C5_47948",0
"766","BAN_C5_49588",0
"767","BAN_C5_50125",0
"768","BAN_C5_50432",0
"769","BAN_C5_50665",0
"770","BAN_C5_51098",0
"771","BAN_C5_51104",0
"772","BAN_C5_52693",0
"773","BAN_C5_52845",0
"774","BAN_C5_53153",0
"775","BAN_C5_54230",0
"776","BAN_C5_54326",0
"777","BAN_C5_54845",0
"778","BAN_C5_56143",0
"779","BAN_C5_56531",0
"780","BAN_C5_58324",0
"781","BAN_C5_58725",0
"782","BAN_C5_59275",0
"783","BAN_C5_59278",0
"784","BAN_C5_59438",0
"785","BAN_C5_59463",0
"786","BAN_C5_59880",0
"787","BAN_C5_60034",0
"788","BAN_C5_60519",0
"789","BAN_C5_60707",0
"790","BAN_C5_60984",0
"791","BAN_C5_61203",0
"792","BAN_C5_61618",0
"793","BAN_C5_62057",0
"794","BAN_C5_62131",0
"795","BAN_C5_62716",0
"796","BAN_C5_62810",0
"797","BAN_C5_63334",0
"798","BAN_C5_63420",0
"799","BAN_C5_63542",0
"800","BAN_C5_63603",0
"801","BAN_C5_63758",0
"802","BAN_C5_63915",0
"803","BAN_C5_64002",0
"804","BAN_C5_64671",0
"805","BAN_C5_64796",0
"806","BAN_C5_64810",0
"807","BAN_C5_65122",0
"808","BAN_C5_65157",0
"809","BAN_C5_65485",0
"810","BAN_C5_65500",0
"811","BAN_C5_65865",0
"812","BAN_C5_65988",0
"813","BAN_C5_66325",0
"814","BAN_C5_66884",0
"815","BAN_C5_67443",0
"816","BAN_C5_71520",0
"817","BAN_C5_72121",0
"818","BAN_C5_72512",0
"819","BAN_C5_72997",0
"820","BAN_C5_73386",0
"821","BAN_C5_73824",0
"822","BAN_C5_74409",0
"823","BAN_C5_74410",0
"824","BAN_C6_40134",0
"825","BAN_C6_42939",0
"826","BAN_C6_43707",0
"827","BAN_C6_43881",0
"828","BAN_C6_47865",0
"829","BAN_C6_50290",0
"830","BAN_C6_51004",0
"831","BAN_C6_51036",0
"832","BAN_C6_51172",0
"833","BAN_C6_51205",0
"834","BAN_C6_51666",0
"835","BAN_C6_51950",0
"836","BAN_C6_52017",0
"837","BAN_C6_52588",0
"838","BAN_C6_52783",0
"839","BAN_C6_53061",0
"840","BAN_C6_53215",0
"841","BAN_C6_53451",0
"842","BAN_C6_53538",0
"843","BAN_C6_53952",0
"844","BAN_C6_54848",0
"845","BAN_C6_55619",0
"846","BAN_C6_55710",0
"847","BAN_C6_55713",0
"848","BAN_C6_55954",0
"849","BAN_C6_56670",0
"850","BAN_C6_56908",0
"851","BAN_C6_57002",0
"852","BAN_C6_57182",0
"853","BAN_C6_57724",0
"854","BAN_C6_58526",0
"855","BAN_C6_59489",0
"856","BAN_C6_60747",0
"857","BAN_C6_60917",0
"858","BAN_C6_60922",0
"859","BAN_C6_61494",0
"860","BAN_C6_61628",0
"861","BAN_C6_61809",0
"862","BAN_C6_61814",0
"863","BAN_C6_61922",0
"864","BAN_C6_62548",0
"865","BAN_C6_62608",0
"866","BAN_C6_62883",0
"867","BAN_C6_62894",0
"868","BAN_C6_63261",0
"869","BAN_C6_63420",0
"870","BAN_C6_64073",0
"871","BAN_C6_64640",0
"872","BAN_C6_64815",0
"873","BAN_C6_64870",0
"874","BAN_C6_65296",0
"875","BAN_C6_65730",0
"876","BAN_C6_66294",0
"877","BAN_C6_66817",0
"878","BAN_C6_67335",0
"879","BAN_C6_67779",0
"880","BAN_C6_69409",0
"881","BAN_C6_71671",0
"882","BAN_C6_71832",0
"883","BAN_C6_72123",0
"884","BAN_C6_72459",0
"885","BAN_C6_72635",0
"886","BAN_C6_73593",0
"887","BAN_C6_73603",0
"888","BAN_C6_77276",0
"889","BAN_C6_77277",0
"890","BAN_C6_77278",0
"891","BAN_C7_50023",0
"892","BAN_C7_51419",0
"893","BAN_C7_52367",0
"894","BAN_C7_53263",0
"895","BAN_C7_53775",0
"896","BAN_C7_53921",0
"897","BAN_C7_53953",0
"898","BAN_C7_53960",0
"899","BAN_C7_53961",0
"900","BAN_C7_54211",0
"901","BAN_C7_61493",0
"902","BAN_C7_61646",0
"903","BAN_C7_61959",0
"904","BAN_C7_62224",0
"905","BAN_C7_62609",0
"906","BAN_C7_62779",0
"907","BAN_C7_62829",0
"908","BAN_C7_63645",0
"909","BAN_C7_64989",0
"910","BAN_C7_67650",0
"911","BAN_P3_47140",1
"912","BAN_P3_52097",1
"913","BAN_P3_52325",1
"914","BAN_P3_52385",1
"915","BAN_P3_52747",1
"916","BAN_P3_52823",1
"917","BAN_P3_52834",1
"918","BAN_P3_52838",1
"919","BAN_P3_52839",1
"920","BAN_P3_52840",1
"921","BAN_P3_52841",1
"922","BAN_P3_52912",1
"923","BAN_P3_53008",1
"924","BAN_P3_53034",1
"925","BAN_P3_53035",1
"926","BAN_P3_53037",1
"927","BAN_P3_53148",1
"928","BAN_P3_53197",1
"929","BAN_P3_53198",1
"930","BAN_P3_53604",1
"931","BAN_P3_53818",1
"932","BAN_P3_53901",1
"933","BAN_P3_53950",1
"934","BAN_P3_54015",1
"935","BAN_P3_54316",1
"936","BAN_P3_54317",1
"937","BAN_P3_54318",1
"938","BAN_P3_54333",1
"939","BAN_P3_54334",1
"940","BAN_P3_54337",1
"941","BAN_P3_54352",1
"942","BAN_P3_54354",1
"943","BAN_P3_54402",1
"944","BAN_P3_54453",1
"945","BAN_P3_54596",1
"946","BAN_P3_54656",1
"947","BAN_P3_54830",1
"948","BAN_P3_54892",1
"949","BAN_P3_54905",1
"950","BAN_P3_54947",1
"951","BAN_P3_55110",1
"952","BAN_P3_55126",1
"953","BAN_P3_55245",1
"954","BAN_P3_55589",1
"955","BAN_P3_55806",1
"956","BAN_P3_55807",1
"957","BAN_P3_55808",1
"958","BAN_P3_55809",1
"959","BAN_P3_55810",1
"960","BAN_P3_56115",1
"961","BAN_P3_56700",1
"962","BAN_P3_56701",1
"963","BAN_P3_56702",1
"964","BAN_P3_56703",1
"965","BAN_P3_56704",1
"966","BAN_P3_56705",1
"967","BAN_P3_57006",1
"968","BAN_P3_57226",1
"969","BAN_P3_57606",1
"970","BAN_P3_58176",1
"971","BAN_P3_58562",1
"972","BAN_P3_58563",1
"973","BAN_P3_58564",1
"974","BAN_P3_58566",1
"975","BAN_P3_58567",1
"976","BAN_P3_59371",1
"977","BAN_P3_59372",1
"978","BAN_P3_59373",1
"979","BAN_P3_59374",1
"980","BAN_P3_60850",1
"981","BAN_P3_61095",1
"982","BAN_P3_61115",1
"983","BAN_P3_61317",1
"984","BAN_P3_61318",1
"985","BAN_P3_61319",1
"986","BAN_P3_61433",1
"987","BAN_P3_61615",1
"988","BAN_P3_61709",1
"989","BAN_P3_61802",1
"990","BAN_P3_61803",1
"991","BAN_P3_61804",1
"992","BAN_P3_62001",1
"993","BAN_P3_62035",1
"994","BAN_P3_62120",1
"995","BAN_P3_62222",1
"996","BAN_P3_62586",1
"997","BAN_P3_62594",1
"998","BAN_P3_63078",1
"999","BAN_P3_63468",1
"1000","BAN_P4_61801",1
"1001","BAN_P4_62252",1
"1002","BAN_P4_62254",1
"1003","BAN_P4_62281",1
"1004","BAN_P4_62475",1
"1005","BAN_P4_62516",1
"1006","BAN_P4_62517",1
"1007","BAN_P4_62518",1
"1008","BAN_P4_62519",1
"1009","BAN_P4_62628",1
"1010","BAN_P4_62629",1
"1011","BAN_P4_62630",1
"1012","BAN_P4_62631",1
"1013","BAN_P4_62633",1
"1014","BAN_P4_62634",1
"1015","BAN_P4_62768",1
"1016","BAN_P4_62769",1
"1017","BAN_P4_62770",1
"1018","BAN_P4_62771",1
"1019","BAN_P4_62773",1
"1020","BAN_P4_62798",1
"1021","BAN_P4_62924",1
"1022","BAN_P4_62925",1
"1023","BAN_P4_62926",1
"1024","BAN_P4_62927",1
"1025","BAN_P4_63092",1
"1026","BAN_P4_63095",1
"1027","BAN_P4_63096",1
"1028","BAN_P4_63108",1
"1029","BAN_P4_63109",1
"1030","BAN_P4_63132",1
"1031","BAN_P4_63284",1
"1032","BAN_P4_63285",1
"1033","BAN_P4_63286",1
"1034","BAN_P4_63326",1
"1035","BAN_P4_63424",1
"1036","BAN_P4_63496",1
"1037","BAN_P4_63663",1
"1038","BAN_P4_63664",1
"1039","BAN_P4_63665",1
"1040","BAN_P4_63666",1
"1041","BAN_P4_63667",1
"1042","BAN_P4_63751",1
"1043","BAN_P4_63755",1
"1044","BAN_P4_64068",1
"1045","BAN_P4_64117",1
"1046","BAN_P4_64118",1
"1047","BAN_P4_64180",1
"1048","BAN_P4_64181",1
"1049","BAN_P4_64182",1
"1050","BAN_P4_64183",1
"1051","BAN_P4_64184",1
"1052","BAN_P4_64185",1
"1053","BAN_P4_64372",1
"1054","BAN_P4_64460",1
"1055","BAN_P4_64559",1
"1056","BAN_P4_64577",1
"1057","BAN_P4_64603",1
"1058","BAN_P4_64635",1
"1059","BAN_P4_64912",1
"1060","BAN_P4_64914",1
"1061","BAN_P4_65138",1
"1062","BAN_P4_65223",1
"1063","BAN_P4_65247",1
"1064","BAN_P4_65248",1
"1065","BAN_P4_65529",1
"1066","BAN_P4_65580",1
"1067","BAN_P4_65581",1
"1068","BAN_P4_65608",1
"1069","BAN_P4_65628",1
"1070","BAN_P4_65666",1
"1071","BAN_P4_65698",1
"1072","BAN_P4_65771",1
"1073","BAN_P4_66085",1
"1074","BAN_P4_66086",1
"1075","BAN_P4_66087",1
"1076","BAN_P4_66088",1
"1077","BAN_P4_66089",1
"1078","BAN_P4_66124",1
"1079","BAN_P4_66127",1
"1080","BAN_P4_66218",1
"1081","BAN_P4_66219",1
"1082","BAN_P4_66267",1
"1083","BAN_P4_66832",1
"1084","BAN_P4_66856",1
"1085","BAN_P4_66857",1
"1086","BAN_P4_66858",1
"1087","BAN_P4_66859",1
"1088","BAN_P4_67413",1
"1089","BAN_P4_67527",1
"1090","BAN_P4_67571",1
"1091","BAN_P4_67707",1
"1092","BAN_P4_67951",1
"1093","BAN_P5_48224",1
"1094","BAN_P5_67950",1
"1095","BAN_P5_68113",1
"1096","BAN_P5_68300",1
"1097","BAN_P5_68301",1
"1098","BAN_P5_68302",1
"1099","BAN_P5_68372",1
"1100","BAN_P5_68434",1
"1101","BAN_P5_68467",1
"1102","BAN_P5_68513",1
"1103","BAN_P5_68585",1
"1104","BAN_P5_68683",1
"1105","BAN_P5_68745",1
"1106","BAN_P5_68806",1
"1107","BAN_P5_68835",1
"1108","BAN_P5_68870",1
"1109","BAN_P5_68890",1
"1110","BAN_P5_68962",1
"1111","BAN_P5_69092",1
"1112","BAN_P5_69107",1
"1113","BAN_P5_69156",1
"1114","BAN_P5_69178",1
"1115","BAN_P5_69179",1
"1116","BAN_P5_69247",1
"1117","BAN_P5_69351",1
"1118","BAN_P5_69505",1
"1119","BAN_P5_69565",1
"1120","BAN_P5_69616",1
"1121","BAN_P5_69617",1
"1122","BAN_P5_69660",1
"1123","BAN_P5_69679",1
"1124","BAN_P5_69680",1
"1125","BAN_P5_69681",1
"1126","BAN_P5_69682",1
"1127","BAN_P5_69683",1
"1128","BAN_P5_69721",1
"1129","BAN_P5_70122",1
"1130","BAN_P5_70131",1
"1131","BAN_P5_70428",1
"1132","BAN_P5_70468",1
"1133","BAN_P5_70469",1
"1134","BAN_P5_70505",1
"1135","BAN_P5_70701",1
"1136","BAN_P5_70863",1
"1137","BAN_P5_71050",1
"1138","BAN_P5_71173",1
"1139","BAN_P5_71175",1
"1140","BAN_P5_71216",1
"1141","BAN_P5_71256",1
"1142","BAN_P5_71301",1
"1143","BAN_P5_71329",1
"1144","BAN_P5_71330",1
"1145","BAN_P5_71331",1
"1146","BAN_P5_71443",1
"1147","BAN_P5_71577",1
"1148","BAN_P5_71586",1
"1149","BAN_P5_71713",1
"1150","BAN_P5_71751",1
"1151","BAN_P5_71777",1
"1152","BAN_P5_71942",1
"1153","BAN_P5_71975",1
"1154","BAN_P5_72056",1
"1155","BAN_P5_72109",1
"1156","BAN_P5_72110",1
"1157","BAN_P5_72111",1
"1158","BAN_P5_72112",1
"1159","BAN_P5_72113",1
"1160","BAN_P5_72114",1
"1161","BAN_P5_72115",1
"1162","BAN_P5_72190",1
"1163","BAN_P5_72368",1
"1164","BAN_P5_72882",1
"1165","BAN_P5_72994",1
"1166","BAN_P5_72995",1
"1167","BAN_P5_73039",1
"1168","BAN_P5_73040",1
"1169","BAN_P5_73041",1
"1170","BAN_P5_73137",1
"1171","BAN_P5_73657",1
"1172","BAN_P5_73780",1
"1173","BAN_P5_73852",1
"1174","BAN_P5_73911",1
"1175","BAN_P5_73912",1
"1176","BAN_P5_73913",1
"1177","BAN_P5_73917",1
"1178","BAN_P5_73918",1
"1179","BAN_P6_60933",1
"1180","BAN_P6_63325",1
"1181","BAN_P6_65221",1
"1182","BAN_P6_65222",1
"1183","BAN_P6_65446",1
"1184","BAN_P6_65579",1
"1185","BAN_P6_65582",1
"1186","BAN_P6_65699",1
"1187","BAN_P6_66220",1
"1188","BAN_P6_66534",1
"1189","BAN_P6_66860",1
"1190","BAN_P6_73920",1
"1191","BAN_P6_73921",1
"1192","BAN_P6_73922",1
"1193","BAN_P6_74065",1
"1194","BAN_P6_74068",1
"1195","BAN_P6_74089",1
"1196","BAN_P6_74090",1
"1197","BAN_P6_74134",1
"1198","BAN_P6_74265",1
"1199","BAN_P6_74406",1
"1200","BAN_P6_74407",1
"1201","BAN_P6_74586",1
"1202","BAN_P6_74819",1
"1203","BAN_P6_74820",1
"1204","BAN_P6_74822",1
"1205","BAN_P6_74862",1
"1206","BAN_P6_75204",1
"1207","BAN_P6_75280",1
"1208","BAN_P6_75622",1
"1209","BAN_P6_75693",1
"1210","BAN_P6_75709",1
"1211","BAN_P6_75710",1
"1212","BAN_P6_75712",1
"1213","BAN_P6_75713",1
"1214","BAN_P6_75714",1
"1215","BAN_P6_75830",1
"1216","BAN_P6_75959",1
"1217","BAN_P6_76186",1
"1218","BAN_P6_76187",1
"1219","BAN_P6_76257",1
"1220","BAN_P6_76258",1
"1221","BAN_P6_76259",1
"1222","BAN_P6_76260",1
"1223","BAN_P6_76261",1
"1224","BAN_P6_76262",1
"1225","BAN_P6_76263",1
"1226","BAN_P6_76264",1
"1227","BAN_P6_76265",1
"1228","BAN_P6_76266",1
"1229","BAN_P6_76267",1
"1230","BAN_P6_76502",1
"1231","BAN_P6_76588",1
"1232","BAN_P6_76590",1
"1233","BAN_P6_76614",1
"1234","BAN_P6_76649",1
"1235","BAN_P6_76713",1
"1236","BAN_P6_76714",1
"1237","BAN_P6_76788",1
"1238","BAN_P6_77066",1
"1239","BAN_P6_77067",1
"1240","BAN_P6_77194",1
"1241","BAN_P6_77300",1
"1242","BAN_P6_77314",1
"1243","BAN_P6_77345",1
"1244","BAN_P6_77489",1
"1245","BAN_P6_77490",1
"1246","BAN_P6_77491",1
"1247","BAN_P6_77492",1
"1248","BAN_P6_77493",1
"1249","BAN_P6_77757",1
"1250","BAN_P6_77856",1
"1251","BAN_P6_77945",1
"1252","BAN_P6_77946",1
"1253","BAN_P6_77948",1
"1254","BAN_P6_77973",1
"1255","BAN_P6_78004",1
"1256","BAN_P6_78005",1
"1257","BAN_P6_78110",1
"1258","BAN_P6_78111",1
"1259","BAN_P6_78255",1
"1260","BAN_P6_78414",1
"1261","BAN_P6_78415",1
"1262","BAN_P6_78489",1
"1263","BAN_P6_78729",1
"1264","BAN_P6_78730",1
"1265","BAN_P6_78731",1
"1266","BAN_P6_78732",1
"1267","BAN_P6_78776",1
"1268","BAN_P6_78905",1
"1269","BAN_P6_79563",1
"1270","BGE-C1-40515",0
"1271","BGE-C1-40674",0
"1272","BGE-C1-40705",0
"1273","BGE-C1-40940",0
"1274","BGE-C1-41519",0
"1275","BGE-C1-41679",0
"1276","BGE-C1-41681",0
"1277","BGE-C1-42774",0
"1278","BGE-C1-42984",0
"1279","BGE-C1-43128",0
"1280","BGE-C1-44254",0
"1281","BGE-C1-44737",0
"1282","BGE-C1-45398",0
"1283","BGE-C1-46126",0
"1284","BGE-C1-46218",0
"1285","BGE-C1-46239",0
"1286","BGE-C1-47183",0
"1287","BGE-C1-47762",0
"1288","BGE-C1-48178",0
"1289","BGE-C1-48320",0
"1290","BGE-C1-49032",0
"1291","BGE-C1-49822",0
"1292","BGE-C1-49823",0
"1293","BGE-C1-49997",0
"1294","BGE-C1-50174",0
"1295","BGE-C1-50465",0
"1296","BGE-C1-50481",0
"1297","BGE-C1-50523",0
"1298","BGE-C1-50709",0
"1299","BGE-C1-51156",0
"1300","BGE-C1-51397",0
"1301","BGE-C1-51588",0
"1302","BGE-C1-52592",0
"1303","BGE-C1-53350",0
"1304","BGE-C1-53878",0
"1305","BGE-C1-54961",0
"1306","BGE-C1-54972",0
"1307","BGE-C1-55130",0
"1308","BGE-C1-55172",0
"1309","BGE-C1-55484",0
"1310","BGE-C1-55848",0
"1311","BGE-C1-56473",0
"1312","BGE-C1-56501",0
"1313","BGE-C1-57237",0
"1314","BGE-C1-58143",0
"1315","BGE-C1-58188",0
"1316","BGE-C1-58210",0
"1317","BGE-C1-58878",0
"1318","BGE-C1-59551",0
"1319","BGE-C1-60208",0
"1320","BGE-C1-60344",0
"1321","BGE-C1-60354",0
"1322","BGE-C1-60738",0
"1323","BGE-C1-61081",0
"1324","BGE-C1-61359",0
"1325","BGE-C1-61521",0
"1326","BGE-C1-61575",0
"1327","BGE-C1-61688",0
"1328","BGE-C1-61815",0
"1329","BGE-C1-62543",0
"1330","BGE-C1-62674",0
"1331","BGE-C1-62690",0
"1332","BGE-C1-62966",0
"1333","BGE-C1-63084",0
"1334","BGE-C1-63175",0
"1335","BGE-C1-63475",0
"1336","BGE-C1-63841",0
"1337","BGE-C1-63990",0
"1338","BGE-C1-65220",0
"1339","BGE-C1-65418",0
"1340","BGE-C1-65573",0
"1341","BGE-C1-65848",0
"1342","BGE-C1-66429",0
"1343","BGE-C1-66667",0
"1344","BGE-C1-66917",0
"1345","BGE-C1-67437",0
"1346","BGE-C1-67923",0
"1347","BGE-C1-68054",0
"1348","BGE-C2-41352",0
"1349","BGE-C2-50431",0
"1350","BGE-C2-50923",0
"1351","BGE-C2-51325",0
"1352","BGE-C2-51397",0
"1353","BGE-C2-51495",0
"1354","BGE-C2-51579",0
"1355","BGE-C2-52837",0
"1356","BGE-C2-52892",0
"1357","BGE-C2-53616",0
"1358","BGE-C2-53642",0
"1359","BGE-C2-55590",0
"1360","BGE-C2-56000",0
"1361","BGE-C2-56790",0
"1362","BGE-C2-57073",0
"1363","BGE-C2-57290",0
"1364","BGE-C2-57528",0
"1365","BGE-C2-57975",0
"1366","BGE-C2-58311",0
"1367","BGE-C2-58406",0
"1368","BGE-C2-60330",0
"1369","BGE-C2-60603",0
"1370","BGE-C2-60844",0
"1371","BGE-C2-61150",0
"1372","BGE-C2-61335",0
"1373","BGE-C2-61551",0
"1374","BGE-C2-61573",0
"1375","BGE-C2-61647",0
"1376","BGE-C2-62268",0
"1377","BGE-C2-62308",0
"1378","BGE-C2-62558",0
"1379","BGE-C2-63346",0
"1380","BGE-C2-63644",0
"1381","BGE-C2-64076",0
"1382","BGE-C2-655311",0
"1383","BGE-C2-65556",0
"1384","BGE-C2-66821",0
"1385","BGE-C2-66863",0
"1386","BGE-C2-66947",0
"1387","BGE-C2-70544",0
"1388","BGE-C2-71763",0
"1389","BGE-C2-72267",0
"1390","BGE-C2-73126",0
"1391","BGE-C2-74060",0
"1392","BGE-P1-P001",1
"1393","BGE-P1-P002",1
"1394","BGE-P1-P003",1
"1395","BGE-P1-P004",1
"1396","BGE-P1-P005",1
"1397","BGE-P1-P006",1
"1398","BGE-P1-P007",1
"1399","BGE-P1-P008",1
"1400","BGE-P1-P009",1
"1401","BGE-P1-P010",1
"1402","BGE-P1-P011",1
"1403","BGE-P1-P012",1
"1404","BGE-P1-P013",1
"1405","BGE-P1-P014",1
"1406","BGE-P1-P015",1
"1407","BGE-P1-P016",1
"1408","BGE-P1-P017",1
"1409","BGE-P1-P018",1
"1410","BGE-P1-P019",1
"1411","BGE-P1-P020",1
"1412","BGE-P1-P021",1
"1413","BGE-P1-P022",1
"1414","BGE-P1-P023",1
"1415","BGE-P1-P024",1
"1416","BGE-P1-P025",1
"1417","BGE-P1-P026",1
"1418","BGE-P1-P027",1
"1419","BGE-P1-P028",1
"1420","BGE-P1-P029",1
"1421","BGE-P1-P030",1
"1422","BGE-P1-P033",1
"1423","BGE-P1-P034",1
"1424","BGE-P1-P035",1
"1425","BGE-P1-P036",1
"1426","BGE-P1-P037",1
"1427","BGE-P1-P038",1
"1428","BGE-P1-P039",1
"1429","BGE-P1-P040",1
"1430","BGE-P1-P041",1
"1431","BGE-P1-P042",1
"1432","BGE-P1-P043",1
"1433","BGE-P1-P044",1
"1434","BGE-P1-P045",1
"1435","BGE-P1-P046",1
"1436","BGE-P1-P047",1
"1437","BGE-P1-P048",1
"1438","BGE-P1-P049",1
"1439","BGE-P1-P050",1
"1440","BGE-P1-P051",1
"1441","BGE-P1-P052",1
"1442","BGE-P1-P053",1
"1443","BGE-P1-P054",1
"1444","BGE-P1-P055",1
"1445","BGE-P1-P056",1
"1446","BGE-P1-P057",1
"1447","BGE-P1-P058",1
"1448","BGE-P1-P060",1
"1449","BGE-P1-P061",1
"1450","BGE-P1-P062",1
"1451","BGE-P1-P063",1
"1452","BGE-P1-P064",1
"1453","BGE-P1-P065",1
"1454","BGE-P1-P066",1
"1455","BGE-P1-P067",1
"1456","BGE-P1-P068",1
"1457","BGE-P1-P069",1
"1458","BGE-P1-P070",1
"1459","BGE-P1-P071",1
"1460","BGE-P1-P072",1
"1461","BGE-P1-P073",1
"1462","BGE-P1-P074",1
"1463","BGE-P1-P075",1
"1464","BGE-P1-P076",1
"1465","BGE-P1-P078",1
"1466","BGE-P1-P079",1
"1467","BGE-P1-P080",1
"1468","BGE-P1-P081",1
"1469","BGE-P1-P082",1
"1470","BGE-P1-P083",1
"1471","BGE-P1-P084",1
"1472","BGE-P1-P085",1
"1473","BGE-P1-P086",1
"1474","BGE-P1-P087",1
"1475","BGE-P1-P088",1
"1476","BGE-P1-P089",1
"1477","BGE-P1-P090",1
"1478","BGE-P1-P091",1
"1479","BGE-P1-P092",1
"1480","BGE-P1-P093",1
"1481","BGE-P1-P094",1
"1482","BGE-P1-P095",1
"1483","BGE-P1-P096",1
"1484","BGE-P2-P097",1
"1485","BGE-P2-P098",1
"1486","BGE-P2-P099",1
"1487","BGE-P2-P100",1
"1488","BGE-P2-P101",1
"1489","BGE-P2-P102",1
"1490","BGE-P2-P103",1
"1491","BGE-P2-P105",1
"1492","BGE-P2-P106",1
"1493","BGE-P2-P107",1
"1494","BGE-P2-P108",1
"1495","BGE-P2-P112",1
"1496","BGE-P2-P114",1
"1497","BGE-P2-P118",1
"1498","BGE-P2-P119",1
"1499","BGE-P2-P120",1
"1500","BGE-P2-P121",1
"1501","BGE-P2-P122",1
"1502","BGE-P2-P123",1
"1503","BGE-P2-P124",1
"1504","BGE-P2-P126",1
"1505","BGE-P2-P127",1
"1506","BGE-P2-P129",1
"1507","BGE-P2-P131",1
"1508","BGE-P2-P132",1
"1509","BGE-P2-P133",1
"1510","BGE-P2-P134",1
"1511","BGE-P2-P135",1
"1512","BGE-P2-P136",1
"1513","BGE-P2-P137",1
"1514","BGE-P2-P138",1
"1515","BGE-P2-P141",1
"1516","BGE-P2-P142",1
"1517","BGE-P2-P143",1
"1518","BGE-P2-P144",1
"1519","BGE-P2-P145",1
"1520","BGE-P2-P146",1
"1521","BGE-P2-P147",1
"1522","BGE-P2-P148",1
"1523","BGE-P2-P149",1
"1524","BGE-P2-P150",1
"1525","BGE-P2-P151",1
"1526","BGE-P2-P152",1
"1527","BGE-P2-P153",1
"1528","BGE-P2-P154",1
"1529","BGE-P2-P155",1
"1530","BGE-P2-P156",1
"1531","BGE-P2-P157",1
"1532","BGE-P2-P158",1
"1533","BGE-P2-P159",1
"1534","BGE-P2-P160",1
"1535","BGE-P2-P161",1
"1536","BGE-P2-P162",1
"1537","BGE-P2-P163",1
"1538","BGE-P2-P164",1
"1539","BGE-P2-P166",1
"1540","BGE-P2-P167",1
"1541","BGE-P2-P168",1
"1542","BGE-P2-P169",1
"1543","BGE-P2-P170",1
"1544","BGE-P2-P171",1
"1545","BGE-P2-P172",1
"1546","BGE-P2-P173",1
"1547","BGE-P2-P174",1
"1548","BGE-P2-P176",1
"1549","BGE-P2-P177",1
"1550","BGE-P2-P178",1
"1551","BGE-P2-P179",1
"1552","BGE-P2-P181",1
"1553","BGE-P2-P184",1
"1554","BGE-P2-P186",1
"1555","BGE-P2-P189",1
"1556","BGE-P2-P191",1
"1557","BGE-P2-P192",1
"1558","BGE-P2-P193",1
"1559","BGE-P2-P194",1
"1560","BGE-P2-P195",1
"1561","BGE-P3-P197",1
"1562","BGE-P3-P198",1
"1563","BGE-P3-P199",1
"1564","BGE-P3-P200",1
"1565","BGE-P3-P201",1
"1566","BGE-P3-P202",1
"1567","BGE-P3-P203",1
"1568","BGE-P3-P204",1
"1569","BGE-P3-P206",1
"1570","BGE-P3-P208",1
"1571","BGE-P3-P209",1
"1572","BGE-P3-P210",1
"1573","BGE-P3-P211",1
"1574","BGE-P3-P212",1
"1575","BGE-P3-P213",1
"1576","BGE-P3-P214",1
"1577","BGE-P3-P215",1
"1578","BGE-P3-P216",1
"1579","BGE-P3-P217",1
"1580","BGE-P3-P218",1
"1581","BGE-P3-P219",1
"1582","BGE-P3-P220",1
"1583","BGE-P3-P221",1
"1584","BGE-P3-P223",1
"1585","BGE-P3-P224",1
"1586","BGE-P3-P225",1
"1587","BGE-P3-P227",1
"1588","BGE-P3-P228",1
"1589","BGE-P3-P232",1
"1590","BGE-P3-P233",1
"1591","BGE-P3-P234",1
"1592","BGE-P3-P235",1
"1593","BGE-P3-P238",1
"1594","BGE-P3-P240",1
"1595","BGE-P3-P241",1
"1596","BGE-P3-P242",1
"1597","BGE-P3-P245",1
"1598","BGE-P3-P246",1
"1599","BGE-P3-P247",1
"1600","BGE-P3-P248",1
"1601","BGE-P3-P252",1
"1602","BGE-P3-P254",1
"1603","BGE-P3-P258",1
"1604","BGE-P3-P270",1
"1605","BGE-P3-P271",1
"1606","BGE-P3-P273",1
"1607","BGE-P3_P226",1
"1608","BGE-P3_P239",1
"1609","BGE-P3_P251",1
"1610","BGE-P3_P274",1
"1611","FAM-P1-Barral_FBE_P225",1
"1612","FAM-P1-Benders_47384",1
"1613","FAM-P1-Bollen_20289",1
"1614","FAM-P1-Cargnino_FBE_P020",1
"1615","FAM-P1-De_Win_13436",1
"1616","FAM-P1-DHooghe_54663",1
"1617","FAM-P1-Dirix_63668",1
"1618","FAM-P1-Groosman_BGEP031",1
"1619","FAM-P1-Grootkarzijn_58743",1
"1620","FAM-P1-Grumaz_RCLP079",1
"1621","FAM-P1-Guldemont_52631",1
"1622","FAM-P1-Haanstra_50342",1
"1623","FAM-P1-Hart_FBEP341",1
"1624","FAM-P1-Helsen_18694",1
"1625","FAM-P1-Hofman_62682",1
"1626","FAM-P1-Hop_92401",1
"1627","FAM-P1-Janssens_78135",1
"1628","FAM-P1-Kempen_74411",1
"1629","FAM-P1-Oorts_32609",1
"1630","FAM-P1-Saukko_FIN-99-485",1
"1631","FAM-P1-Taens_42123",1
"1632","FAM-P1-Van_der_Auwera_20537",1
"1633","FAM-P1-Van_Dijk_98658",1
"1634","FAM-P1-Van_Rompaey_20850",1
"1635","FAM-P1-Van_Schijndel_41723",1
"1636","FAM-P1-Vanderleest_43169",1
"1637","FAM-P1-Westervelt_92426",1
"1638","FAM-P2-Berkel-Kuipers_44906",1
"1639","FAM-P2-Jaurion_FBEP209",1
"1640","FAM-P2-Kwaks_61597",1
"1641","FAM-P2-MISA_11072_48144",1
"1642","FAM-P2-MISA_1817_47976",1
"1643","FAM-P2-MISA_27210_49705",1
"1644","FAM-P2-MISA_27858_48959",1
"1645","FAM-P2-MISA_5340_48151",1
"1646","FAM-P2-MISA_D_C_A_48042",1
"1647","FAM-P2-Pauwels_63074",1
"1648","FAM-P2-Portailler_FBEP310",1
"1649","FAM-P2-Rohaert_65583",1
"1650","FAM-P2-Rubrecht_46749",1
"1651","FAM-P2-Simons_54904",1
"1652","FAM-P2-Smeets_60451",1
"1653","FAM-P2-Van_den_Berg_61600",1
"1654","FAM-P2-Van_Dosselaer_22398",1
"1655","FAM-P2-Van_Leeuwen_57066",1
"1656","FAM-P2-Van_Meel_51965",1
"1657","FAM-P2-Van_Vynckt_FBEP235",1
"1658","FAM-P2-Vermeylen_66415",1
"1659","FBE-P1-P001",1
"1660","FBE-P1-P002",1
"1661","FBE-P1-P003",1
"1662","FBE-P1-P004",1
"1663","FBE-P1-P005",1
"1664","FBE-P1-P006",1
"1665","FBE-P1-P007",1
"1666","FBE-P1-P008",1
"1667","FBE-P1-P009",1
"1668","FBE-P1-P010",1
"1669","FBE-P1-P011",1
"1670","FBE-P1-P012",1
"1671","FBE-P1-P013",1
"1672","FBE-P1-P014",1
"1673","FBE-P1-P015",1
"1674","FBE-P1-P016",1
"1675","FBE-P1-P017",1
"1676","FBE-P1-P018",1
"1677","FBE-P1-P019",1
"1678","FBE-P1-P021",1
"1679","FBE-P1-P022",1
"1680","FBE-P1-P023",1
"1681","FBE-P1-P024",1
"1682","FBE-P1-P025",1
"1683","FBE-P1-P026",1
"1684","FBE-P1-P027",1
"1685","FBE-P1-P028",1
"1686","FBE-P1-P029",1
"1687","FBE-P1-P030",1
"1688","FBE-P1-P031",1
"1689","FBE-P1-P032",1
"1690","FBE-P1-P033",1
"1691","FBE-P1-P034",1
"1692","FBE-P1-P036",1
"1693","FBE-P1-P037",1
"1694","FBE-P1-P038",1
"1695","FBE-P1-P039",1
"1696","FBE-P1-P040",1
"1697","FBE-P1-P041",1
"1698","FBE-P1-P042",1
"1699","FBE-P1-P043",1
"1700","FBE-P1-P044",1
"1701","FBE-P1-P045",1
"1702","FBE-P1-P046",1
"1703","FBE-P1-P047",1
"1704","FBE-P1-P048",1
"1705","FBE-P1-P049",1
"1706","FBE-P1-P050",1
"1707","FBE-P1-P051",1
"1708","FBE-P1-P052",1
"1709","FBE-P1-P053",1
"1710","FBE-P1-P054",1
"1711","FBE-P1-P055",1
"1712","FBE-P1-P056",1
"1713","FBE-P1-P057",1
"1714","FBE-P1-P058",1
"1715","FBE-P1-P059",1
"1716","FBE-P1-P060",1
"1717","FBE-P1-P061",1
"1718","FBE-P1-P062",1
"1719","FBE-P1-P063",1
"1720","FBE-P1-P064",1
"1721","FBE-P1-P065",1
"1722","FBE-P1-P066",1
"1723","FBE-P1-P067",1
"1724","FBE-P1-P068",1
"1725","FBE-P1-P069",1
"1726","FBE-P1-P070",1
"1727","FBE-P1-P071",1
"1728","FBE-P1-P072",1
"1729","FBE-P1-P073",1
"1730","FBE-P1-P074",1
"1731","FBE-P1-P075",1
"1732","FBE-P1-P076",1
"1733","FBE-P1-P077",1
"1734","FBE-P1-P078",1
"1735","FBE-P1-P079",1
"1736","FBE-P1-P080",1
"1737","FBE-P1-P081",1
"1738","FBE-P1-P083",1
"1739","FBE-P1-P084",1
"1740","FBE-P1-P085",1
"1741","FBE-P1-P086",1
"1742","FBE-P1-P087",1
"1743","FBE-P1-P088",1
"1744","FBE-P1-P089",1
"1745","FBE-P1-P090",1
"1746","FBE-P1-P092",1
"1747","FBE-P1-P093",1
"1748","FBE-P1-P094",1
"1749","FBE-P1-P095",1
"1750","FBE-P1-P096",1
"1751","FBE-P2-P097",1
"1752","FBE-P2-P098",1
"1753","FBE-P2-P099",1
"1754","FBE-P2-P100",1
"1755","FBE-P2-P101",1
"1756","FBE-P2-P102",1
"1757","FBE-P2-P104",1
"1758","FBE-P2-P105",1
"1759","FBE-P2-P106",1
"1760","FBE-P2-P107",1
"1761","FBE-P2-P108",1
"1762","FBE-P2-P109",1
"1763","FBE-P2-P110",1
"1764","FBE-P2-P111",1
"1765","FBE-P2-P112",1
"1766","FBE-P2-P113",1
"1767","FBE-P2-P115",1
"1768","FBE-P2-P116",1
"1769","FBE-P2-P117",1
"1770","FBE-P2-P118",1
"1771","FBE-P2-P119",1
"1772","FBE-P2-P120",1
"1773","FBE-P2-P121",1
"1774","FBE-P2-P122",1
"1775","FBE-P2-P123",1
"1776","FBE-P2-P124",1
"1777","FBE-P2-P125",1
"1778","FBE-P2-P126",1
"1779","FBE-P2-P127",1
"1780","FBE-P2-P128",1
"1781","FBE-P2-P129",1
"1782","FBE-P2-P130",1
"1783","FBE-P2-P131",1
"1784","FBE-P2-P132",1
"1785","FBE-P2-P133",1
"1786","FBE-P2-P134",1
"1787","FBE-P2-P135",1
"1788","FBE-P2-P136",1
"1789","FBE-P2-P137",1
"1790","FBE-P2-P139",1
"1791","FBE-P2-P140",1
"1792","FBE-P2-P141",1
"1793","FBE-P2-P142",1
"1794","FBE-P2-P143",1
"1795","FBE-P2-P144",1
"1796","FBE-P2-P145",1
"1797","FBE-P2-P146",1
"1798","FBE-P2-P147",1
"1799","FBE-P2-P148",1
"1800","FBE-P2-P149",1
"1801","FBE-P2-P150",1
"1802","FBE-P2-P151",1
"1803","FBE-P2-P152",1
"1804","FBE-P2-P153",1
"1805","FBE-P2-P155",1
"1806","FBE-P2-P156",1
"1807","FBE-P2-P157",1
"1808","FBE-P2-P158",1
"1809","FBE-P2-P159",1
"1810","FBE-P2-P160",1
"1811","FBE-P2-P161",1
"1812","FBE-P2-P162",1
"1813","FBE-P2-P163",1
"1814","FBE-P2-P164",1
"1815","FBE-P2-P165",1
"1816","FBE-P2-P166",1
"1817","FBE-P2-P167",1
"1818","FBE-P2-P168",1
"1819","FBE-P2-P169",1
"1820","FBE-P2-P170",1
"1821","FBE-P2-P171",1
"1822","FBE-P2-P172",1
"1823","FBE-P2-P173",1
"1824","FBE-P2-P174",1
"1825","FBE-P2-P175",1
"1826","FBE-P2-P176",1
"1827","FBE-P2-P179",1
"1828","FBE-P2-P180",1
"1829","FBE-P2-P181",1
"1830","FBE-P2-P182",1
"1831","FBE-P2-P183",1
"1832","FBE-P2-P184",1
"1833","FBE-P2-P185",1
"1834","FBE-P2-P186",1
"1835","FBE-P2-P187",1
"1836","FBE-P2-P189",1
"1837","FBE-P2-P190",1
"1838","FBE-P2-P191",1
"1839","FBE-P2-P192",1
"1840","FBE-P3-P193",1
"1841","FBE-P3-P194",1
"1842","FBE-P3-P195",1
"1843","FBE-P3-P197",1
"1844","FBE-P3-P198",1
"1845","FBE-P3-P201",1
"1846","FBE-P3-P202",1
"1847","FBE-P3-P203",1
"1848","FBE-P3-P204",1
"1849","FBE-P3-P205",1
"1850","FBE-P3-P206",1
"1851","FBE-P3-P207",1
"1852","FBE-P3-P208",1
"1853","FBE-P3-P210",1
"1854","FBE-P3-P211",1
"1855","FBE-P3-P212",1
"1856","FBE-P3-P213",1
"1857","FBE-P3-P214",1
"1858","FBE-P3-P215",1
"1859","FBE-P3-P216",1
"1860","FBE-P3-P217",1
"1861","FBE-P3-P218",1
"1862","FBE-P3-P219",1
"1863","FBE-P3-P220",1
"1864","FBE-P3-P221",1
"1865","FBE-P3-P223",1
"1866","FBE-P3-P224",1
"1867","FBE-P3-P226",1
"1868","FBE-P3-P227",1
"1869","FBE-P3-P228",1
"1870","FBE-P3-P229",1
"1871","FBE-P3-P230",1
"1872","FBE-P3-P231",1
"1873","FBE-P3-P232",1
"1874","FBE-P3-P233",1
"1875","FBE-P3-P234",1
"1876","FBE-P3-P236",1
"1877","FBE-P3-P237",1
"1878","FBE-P3-P238",1
"1879","FBE-P3-P241",1
"1880","FBE-P3-P242",1
"1881","FBE-P3-P243",1
"1882","FBE-P3-P244",1
"1883","FBE-P3-P245",1
"1884","FBE-P3-P246",1
"1885","FBE-P3-P247",1
"1886","FBE-P3-P248",1
"1887","FBE-P3-P249",1
"1888","FBE-P3-P250",1
"1889","FBE-P3-P251",1
"1890","FBE-P3-P252",1
"1891","FBE-P3-P254",1
"1892","FBE-P3-P256",1
"1893","FBE-P3-P257",1
"1894","FBE-P3-P258",1
"1895","FBE-P3-P259",1
"1896","FBE-P3-P260",1
"1897","FBE-P3-P261",1
"1898","FBE-P3-P262",1
"1899","FBE-P3-P263",1
"1900","FBE-P3-P265",1
"1901","FBE-P3-P266",1
"1902","FBE-P3-P267",1
"1903","FBE-P3-P268",1
"1904","FBE-P3-P269",1
"1905","FBE-P3-P270",1
"1906","FBE-P3-P271",1
"1907","FBE-P3-P272",1
"1908","FBE-P3-P273",1
"1909","FBE-P3-P274",1
"1910","FBE-P3-P275",1
"1911","FBE-P3-P276",1
"1912","FBE-P3-P277",1
"1913","FBE-P3-P279",1
"1914","FBE-P3-P280",1
"1915","FBE-P3-P281",1
"1916","FBE-P3-P282",1
"1917","FBE-P3-P283",1
"1918","FBE-P3-P284",1
"1919","FBE-P3-P285",1
"1920","FBE-P3-P286",1
"1921","FBE-P4-P289",1
"1922","FBE-P4-P290",1
"1923","FBE-P4-P292",1
"1924","FBE-P4-P293",1
"1925","FBE-P4-P294",1
"1926","FBE-P4-P295",1
"1927","FBE-P4-P296",1
"1928","FBE-P4-P297",1
"1929","FBE-P4-P298",1
"1930","FBE-P4-P299",1
"1931","FBE-P4-P300",1
"1932","FBE-P4-P301",1
"1933","FBE-P4-P302",1
"1934","FBE-P4-P303",1
"1935","FBE-P4-P304",1
"1936","FBE-P4-P305",1
"1937","FBE-P4-P306",1
"1938","FBE-P4-P307",1
"1939","FBE-P4-P308",1
"1940","FBE-P4-P309",1
"1941","FBE-P4-P312",1
"1942","FBE-P4-P313",1
"1943","FBE-P4-P315",1
"1944","FBE-P4-P316",1
"1945","FBE-P4-P317",1
"1946","FBE-P4-P318",1
"1947","FBE-P4-P319",1
"1948","FBE-P4-P320",1
"1949","FBE-P4-P321",1
"1950","FBE-P4-P322",1
"1951","FBE-P4-P323",1
"1952","FBE-P4-P325",1
"1953","FBE-P4-P326",1
"1954","FBE-P4-P327",1
"1955","FBE-P4-P328",1
"1956","FBE-P4-P329",1
"1957","FBE-P4-P330",1
"1958","FBE-P4-P331",1
"1959","FBE-P4-P332",1
"1960","FBE-P4-P333",1
"1961","FBE-P4-P334",1
"1962","FBE-P4-P335",1
"1963","FBE-P4-P336",1
"1964","FBE-P4-P338",1
"1965","FBE-P4-P339",1
"1966","FBE-P4-P340",1
"1967","FBE-P4-P342",1
"1968","FBE-P4-P344",1
"1969","FBE-P4-P345",1
"1970","FBE-P4-P346",1
"1971","FBE-P4-P347",1
"1972","FBE-P4-P348",1
"1973","FBE-P4-P349",1
"1974","FBE-P4-P351",1
"1975","FBE-P4-P352",1
"1976","FBE-P4-P353",1
"1977","FBE-P4-P354",1
"1978","FBE-P4-P355",1
"1979","FBE-P4-P356",1
"1980","FBE-P4-P357",1
"1981","FBE-P4-P358",1
"1982","FBE-P4-P359",1
"1983","FBE-P4-P360",1
"1984","FBE-P4-P361",1
"1985","FBE-P4-P362",1
"1986","FBE-P4-P363",1
"1987","FBE-P4-P364",1
"1988","FBE-P4-P366",1
"1989","FBE-P4-P367",1
"1990","FBE-P4-P369",1
"1991","FBE-P4-P370",1
"1992","FBE-P4-P371",1
"1993","FBE-P4-P372",1
"1994","FBE-P4-P373",1
"1995","FBE-P4-P374",1
"1996","FBE-P4-P375",1
"1997","FBE-P4-P376",1
"1998","FBE-P4-P377",1
"1999","FBE-P4-P378",1
"2000","FBE-P4-P379",1
"2001","FBE-P4-P380",1
"2002","FBE-P4-P381",1
"2003","FBE-P4-P382",1
"2004","FBE-P4-P383",1
"2005","FBE-P4-P384",1
"2006","FMO-C2-100",0
"2007","FMO-C2-101",0
"2008","FMO-C2-102",0
"2009","FMO-C2-103",0
"2010","FMO-C2-105",0
"2011","FMO-C2-106",0
"2012","FMO-C2-107",0
"2013","FMO-C2-108",0
"2014","FMO-C2-109",0
"2015","FMO-C2-110",0
"2016","FMO-C2-111",0
"2017","FMO-C2-121",0
"2018","FMO-C2-122",0
"2019","FMO-C2-123",0
"2020","FMO-C2-124",0
"2021","FMO-C2-125",0
"2022","FMO-C2-126",0
"2023","FMO-C2-127",0
"2024","FMO-C2-129",0
"2025","FMO-C2-130",0
"2026","FMO-C2-131",0
"2027","FMO-C2-132",0
"2028","FMO-C2-133",0
"2029","FMO-C2-134",0
"2030","FMO-C2-135",0
"2031","FMO-C2-137",0
"2032","FMO-C2-138",0
"2033","FMO-C2-140",0
"2034","FMO-C2-141",0
"2035","FMO-C2-142",0
"2036","FMO-C2-143",0
"2037","FMO-C2-145",0
"2038","FMO-C2-146",0
"2039","FMO-C2-147",0
"2040","FMO-C2-148",0
"2041","FMO-C2-149",0
"2042","FMO-C2-150",0
"2043","FMO-C2-151",0
"2044","FMO-C2-153",0
"2045","FMO-C2-154",0
"2046","FMO-C2-155",0
"2047","FMO-C2-156",0
"2048","FMO-C2-157",0
"2049","FMO-C2-158",0
"2050","FMO-C2-159",0
"2051","FMO-C2-160",0
"2052","FMO-C2-161",0
"2053","FMO-C2-162",0
"2054","FMO-C2-163",0
"2055","FMO-C2-165",0
"2056","FMO-C2-166",0
"2057","FMO-C2-167",0
"2058","FMO-C2-168",0
"2059","FMO-C2-169",0
"2060","FMO-C2-171",0
"2061","FMO-C2-172",0
"2062","FMO-C2-173",0
"2063","FMO-C2-174",0
"2064","FMO-C2-175",0
"2065","FMO-C2-176",0
"2066","FMO-C2-177",0
"2067","FMO-C2-178",0
"2068","FMO-C2-179",0
"2069","FMO-C2-180",0
"2070","FMO-C2-181",0
"2071","FMO-C2-182",0
"2072","FMO-C2-183",0
"2073","FMO-C2-184",0
"2074","FMO-C2-185",0
"2075","FMO-C2-186",0
"2076","FMO-C2-187",0
"2077","FMO-C2-188",0
"2078","FMO-C2-189",0
"2079","FMO-C2-190",0
"2080","FMO-C2-191",0
"2081","FMO-C2-192",0
"2082","FMO-C2-1FMO-C2-13",0
"2083","FMO-C2-1FMO-C2-15",0
"2084","FMO-C2-1FMO-C2-16",0
"2085","FMO-C2-1FMO-C2-17",0
"2086","FMO-C2-1FMO-C2-18",0
"2087","FMO-C2-1FMO-C2-19",0
"2088","FMO-C2-97",0
"2089","FMO-C2-98",0
"2090","FMO-C2-99",0
"2091","FMO-C4-291",0
"2092","FMO-C4-292",0
"2093","FMO-C4-294",0
"2094","FMO-C4-295",0
"2095","FMO-C4-296",0
"2096","FMO-C4-297",0
"2097","FMO-C4-298",0
"2098","FMO-C4-299",0
"2099","FMO-C4-300",0
"2100","FMO-C4-301",0
"2101","FMO-C4-302",0
"2102","FMO-C4-303",0
"2103","FMO-C4-304",0
"2104","FMO-C4-305",0
"2105","FMO-C4-306",0
"2106","FMO-C4-307",0
"2107","FMO-C4-308",0
"2108","FMO-C4-309",0
"2109","FMO-C4-310",0
"2110","FMO-C4-311",0
"2111","FMO-C4-312",0
"2112","FMO-C4-313",0
"2113","FMO-C4-314",0
"2114","FMO-C4-315",0
"2115","FMO-C4-316",0
"2116","FMO-C4-317",0
"2117","FMO-C4-318",0
"2118","FMO-C4-319",0
"2119","FMO-C4-320",0
"2120","FMO-C4-321",0
"2121","FMO-C4-322",0
"2122","FMO-C4-323",0
"2123","FMO-C4-324",0
"2124","FMO-C4-325",0
"2125","FMO-C4-326",0
"2126","FMO-C4-327",0
"2127","FMO-C4-328",0
"2128","FMO-C4-329",0
"2129","FMO-C4-330",0
"2130","FMO-C4-331",0
"2131","FMO-C4-332",0
"2132","FMO-C4-333",0
"2133","FMO-C4-334",0
"2134","FMO-C4-335",0
"2135","FMO-C4-336",0
"2136","FMO-C4-337",0
"2137","FMO-C4-339",0
"2138","FMO-C4-340",0
"2139","FMO-C4-341",0
"2140","FMO-C4-342",0
"2141","FMO-C4-343",0
"2142","FMO-C4-344",0
"2143","FMO-C4-345",0
"2144","FMO-C4-346",0
"2145","FMO-C4-347",0
"2146","FMO-C4-348",0
"2147","FMO-C4-349",0
"2148","FMO-C4-350",0
"2149","FMO-C4-351",0
"2150","FMO-C4-352",0
"2151","FMO-C4-353",0
"2152","FMO-C4-354",0
"2153","FMO-C4-355",0
"2154","FMO-C4-356",0
"2155","FMO-C4-358",0
"2156","FMO-C4-359",0
"2157","FMO-C4-360",0
"2158","FMO-C4-361",0
"2159","FMO-C4-362",0
"2160","FMO-C4-363",0
"2161","FMO-C4-364",0
"2162","FMO-C4-365",0
"2163","FMO-C4-366",0
"2164","FMO-C4-367",0
"2165","FMO-C4-368",0
"2166","FMO-C4-369",0
"2167","FMO-C4-370",0
"2168","FMO-C4-371",0
"2169","FMO-C4-372",0
"2170","FMO-C4-373",0
"2171","FMO-C4-374",0
"2172","FMO-C4-375",0
"2173","FMO-C4-376",0
"2174","FMO-C4-377",0
"2175","FMO-C4-378",0
"2176","FMO-C4-379",0
"2177","FMO-C4-380",0
"2178","FMO-C4-381",0
"2179","FMO-C4-382",0
"2180","FMO-C4-383",0
"2181","FMO-C4-384",0
"2182","FMO-C4-385",0
"2183","FMO-C4-386",0
"2184","FMO_C1_1",0
"2185","FMO_C1_10",0
"2186","FMO_C1_11",0
"2187","FMO_C1_12",0
"2188","FMO_C1_13",0
"2189","FMO_C1_14",0
"2190","FMO_C1_15",0
"2191","FMO_C1_16",0
"2192","FMO_C1_17",0
"2193","FMO_C1_18",0
"2194","FMO_C1_19",0
"2195","FMO_C1_2",0
"2196","FMO_C1_20_1",0
"2197","FMO_C1_23",0
"2198","FMO_C1_24",0
"2199","FMO_C1_25",0
"2200","FMO_C1_26",0
"2201","FMO_C1_27",0
"2202","FMO_C1_28",0
"2203","FMO_C1_29",0
"2204","FMO_C1_3",0
"2205","FMO_C1_30",0
"2206","FMO_C1_31",0
"2207","FMO_C1_32",0
"2208","FMO_C1_33",0
"2209","FMO_C1_34",0
"2210","FMO_C1_35",0
"2211","FMO_C1_36",0
"2212","FMO_C1_37",0
"2213","FMO_C1_38",0
"2214","FMO_C1_39",0
"2215","FMO_C1_4",0
"2216","FMO_C1_41",0
"2217","FMO_C1_42",0
"2218","FMO_C1_43",0
"2219","FMO_C1_44",0
"2220","FMO_C1_46",0
"2221","FMO_C1_47",0
"2222","FMO_C1_48",0
"2223","FMO_C1_49",0
"2224","FMO_C1_5",0
"2225","FMO_C1_50",0
"2226","FMO_C1_51",0
"2227","FMO_C1_52",0
"2228","FMO_C1_53",0
"2229","FMO_C1_54",0
"2230","FMO_C1_55",0
"2231","FMO_C1_56",0
"2232","FMO_C1_57",0
"2233","FMO_C1_58",0
"2234","FMO_C1_59",0
"2235","FMO_C1_6",0
"2236","FMO_C1_60",0
"2237","FMO_C1_61",0
"2238","FMO_C1_62",0
"2239","FMO_C1_63",0
"2240","FMO_C1_64",0
"2241","FMO_C1_65",0
"2242","FMO_C1_66",0
"2243","FMO_C1_67",0
"2244","FMO_C1_68",0
"2245","FMO_C1_69",0
"2246","FMO_C1_7",0
"2247","FMO_C1_70",0
"2248","FMO_C1_71",0
"2249","FMO_C1_72",0
"2250","FMO_C1_74",0
"2251","FMO_C1_75",0
"2252","FMO_C1_76",0
"2253","FMO_C1_77",0
"2254","FMO_C1_78",0
"2255","FMO_C1_79",0
"2256","FMO_C1_8",0
"2257","FMO_C1_80",0
"2258","FMO_C1_81",0
"2259","FMO_C1_83",0
"2260","FMO_C1_84",0
"2261","FMO_C1_85",0
"2262","FMO_C1_86",0
"2263","FMO_C1_87",0
"2264","FMO_C1_88",0
"2265","FMO_C1_89",0
"2266","FMO_C1_9",0
"2267","FMO_C1_90",0
"2268","FMO_C1_91",0
"2269","FMO_C1_92",0
"2270","FMO_C1_93",0
"2271","FMO_C1_94",0
"2272","FMO_C1_95",0
"2273","FMO_C2_104",0
"2274","FMO_C2_112",0
"2275","FMO_C2_120",0
"2276","FMO_C2_128",0
"2277","FMO_C2_136",0
"2278","FMO_C2_144",0
"2279","FMO_C2_152",0
"2280","FMO_C2_96",0
"2281","FMO_C3_193",0
"2282","FMO_C3_194",0
"2283","FMO_C3_195",0
"2284","FMO_C3_196",0
"2285","FMO_C3_197",0
"2286","FMO_C3_198",0
"2287","FMO_C3_199",0
"2288","FMO_C3_200",0
"2289","FMO_C3_201",0
"2290","FMO_C3_202",0
"2291","FMO_C3_203",0
"2292","FMO_C3_204",0
"2293","FMO_C3_205",0
"2294","FMO_C3_207",0
"2295","FMO_C3_208",0
"2296","FMO_C3_209",0
"2297","FMO_C3_210",0
"2298","FMO_C3_211",0
"2299","FMO_C3_212",0
"2300","FMO_C3_213",0
"2301","FMO_C3_214",0
"2302","FMO_C3_215",0
"2303","FMO_C3_216",0
"2304","FMO_C3_217",0
"2305","FMO_C3_218",0
"2306","FMO_C3_219",0
"2307","FMO_C3_221",0
"2308","FMO_C3_222",0
"2309","FMO_C3_223",0
"2310","FMO_C3_224",0
"2311","FMO_C3_226",0
"2312","FMO_C3_227",0
"2313","FMO_C3_228",0
"2314","FMO_C3_229",0
"2315","FMO_C3_230",0
"2316","FMO_C3_231",0
"2317","FMO_C3_232",0
"2318","FMO_C3_233",0
"2319","FMO_C3_234",0
"2320","FMO_C3_235",0
"2321","FMO_C3_236",0
"2322","FMO_C3_237",0
"2323","FMO_C3_238",0
"2324","FMO_C3_239",0
"2325","FMO_C3_240",0
"2326","FMO_C3_241",0
"2327","FMO_C3_242",0
"2328","FMO_C3_243",0
"2329","FMO_C3_244",0
"2330","FMO_C3_245",0
"2331","FMO_C3_246",0
"2332","FMO_C3_247",0
"2333","FMO_C3_248",0
"2334","FMO_C3_249",0
"2335","FMO_C3_250",0
"2336","FMO_C3_251",0
"2337","FMO_C3_252",0
"2338","FMO_C3_253",0
"2339","FMO_C3_254",0
"2340","FMO_C3_255",0
"2341","FMO_C3_256",0
"2342","FMO_C3_257",0
"2343","FMO_C3_258",0
"2344","FMO_C3_259",0
"2345","FMO_C3_260",0
"2346","FMO_C3_262",0
"2347","FMO_C3_263",0
"2348","FMO_C3_264",0
"2349","FMO_C3_265",0
"2350","FMO_C3_266",0
"2351","FMO_C3_267",0
"2352","FMO_C3_268",0
"2353","FMO_C3_269",0
"2354","FMO_C3_271",0
"2355","FMO_C3_272",0
"2356","FMO_C3_274",0
"2357","FMO_C3_275",0
"2358","FMO_C3_276",0
"2359","FMO_C3_277",0
"2360","FMO_C3_278",0
"2361","FMO_C3_279",0
"2362","FMO_C3_280",0
"2363","FMO_C3_281",0
"2364","FMO_C3_282",0
"2365","FMO_C3_283",0
"2366","FMO_C3_284",0
"2367","FMO_C3_285",0
"2368","FMO_C3_286",0
"2369","FMO_C3_287",0
"2370","FMO_C3_288",0
"2371","FMO_C3_289",0
"2372","FMO_C3_290",0
"2373","IMI-P1-P001",1
"2374","IMI-P1-P002",1
"2375","IMI-P1-P003",1
"2376","IMI-P1-P004",1
"2377","IMI-P1-P005",1
"2378","IMI-P1-P006",1
"2379","IMI-P1-P007",1
"2380","IMI-P1-P008",1
"2381","IMI-P1-P009",1
"2382","IMI-P1-P010",1
"2383","IMI-P1-P011",1
"2384","IMI-P1-P012",1
"2385","IMI-P1-P013",1
"2386","IMI-P1-P014",1
"2387","IMI-P1-P015",1
"2388","IMI-P1-P016",1
"2389","IMI-P1-P017",1
"2390","IMI-P1-P018",1
"2391","IMI-P1-P019",1
"2392","IMI-P1-P020",1
"2393","IMI-P1-P021",1
"2394","IMI-P1-P022",1
"2395","IMI-P1-P023",1
"2396","IMI-P1-P024",1
"2397","IMI-P1-P025",1
"2398","IMI-P1-P026",1
"2399","IMI-P1-P027",1
"2400","IMI-P1-P028",1
"2401","IMI-P1-P029",1
"2402","IMI-P1-P030",1
"2403","IMI-P1-P031",1
"2404","IMI-P1-P032",1
"2405","IMI-P1-P033",1
"2406","IMI-P1-P034",1
"2407","IMI-P1-P035",1
"2408","IMI-P1-P036",1
"2409","IMI-P1-P037",1
"2410","IMI-P1-P038",1
"2411","IMI-P1-P039",1
"2412","IMI-P1-P040",1
"2413","IMI-P1-P041",1
"2414","IMI-P1-P042",1
"2415","IMI-P1-P043",1
"2416","IMI-P1-P044",1
"2417","IMI-P1-P045",1
"2418","IMI-P1-P046",1
"2419","IMI-P1-P047",1
"2420","IMI-P1-P048",1
"2421","IMI-P1-P049",1
"2422","IMI-P1-P050",1
"2423","IMI-P1-P051",1
"2424","IMI-P1-P052",1
"2425","IMI-P1-P053",1
"2426","IMI-P1-P054",1
"2427","IMI-P1-P055",1
"2428","IMI-P1-P056",1
"2429","IMI-P1-P057",1
"2430","IMI-P1-P058",1
"2431","IMI-P1-P059",1
"2432","IMI-P1-P060",1
"2433","IMI-P1-P061",1
"2434","IMI-P1-P062",1
"2435","IMI-P1-P063",1
"2436","IMI-P1-P064",1
"2437","IMI-P1-P065",1
"2438","IMI-P1-P066",1
"2439","IMI-P1-P067",1
"2440","IMI-P1-P068",1
"2441","IMI-P1-P069",1
"2442","IMI-P1-P070",1
"2443","IMI-P1-P071",1
"2444","IMI-P1-P072",1
"2445","IMI-P1-P073",1
"2446","IMI-P1-P074",1
"2447","IMI-P1-P075",1
"2448","IMI-P1-P076",1
"2449","IMI-P1-P077",1
"2450","IMI-P1-P078",1
"2451","IMI-P1-P079",1
"2452","IMI-P1-P080",1
"2453","IMI-P1-P081",1
"2454","IMI-P1-P082",1
"2455","IMI-P1-P083",1
"2456","IMI-P1-P084",1
"2457","IMI-P1-P085",1
"2458","IMI-P1-P086",1
"2459","IMI-P1-P087",1
"2460","IMI-P1-P088",1
"2461","IMI-P1-P089",1
"2462","IMI-P1-P090",1
"2463","IMI-P1-P091",1
"2464","IMI-P1-P092",1
"2465","IMI-P1-P093",1
"2466","IMI-P1-P094",1
"2467","IMI-P1-P095",1
"2468","IMI-P1-P096",1
"2469","IMI-P2-P097",1
"2470","IMI-P2-P098",1
"2471","IMI-P2-P099",1
"2472","IMI-P2-P100",1
"2473","IMI-P2-P101",1
"2474","IMI-P2-P102",1
"2475","IMI-P2-P103",1
"2476","IMI-P2-P104",1
"2477","IMI-P2-P105",1
"2478","IMI-P2-P106",1
"2479","IMI-P2-P107",1
"2480","IMI-P2-P108",1
"2481","IMI-P2-P109",1
"2482","IMI-P2-P110",1
"2483","IMI-P2-P111",1
"2484","IMI-P2-P112",1
"2485","IMI-P2-P113",1
"2486","IMI-P2-P114",1
"2487","IPA-P1-P012",1
"2488","IPA-P1-P013",1
"2489","IPA-P1-P014",1
"2490","IPA-P1-P015",1
"2491","IPA-P1-P019",1
"2492","IPA-P1-P021",1
"2493","IPA-P1-P022",1
"2494","IPA-P1-P023",1
"2495","IPA-P1-P024",1
"2496","IPA-P1-P027",1
"2497","IPA-P1-P029",1
"2498","IPA-P1-P030",1
"2499","IPA-P1-P031",1
"2500","IPA-P1-P032",1
"2501","IPA-P1-P035",1
"2502","IPA-P1-P036",1
"2503","IPA-P1-P037",1
"2504","IPA-P1-P038",1
"2505","IPA-P1-P039",1
"2506","IPA-P1-P040",1
"2507","IPA-P1-P043",1
"2508","IPA-P1-P044",1
"2509","IPA-P1-P045",1
"2510","IPA-P1-P046",1
"2511","IPA-P1-P047",1
"2512","IPA-P1-P048",1
"2513","IPA-P1-P051",1
"2514","IPA-P1-P052",1
"2515","IPA-P1-P053",1
"2516","IPA-P1-P054",1
"2517","IPA-P1-P055",1
"2518","IPA-P1-P056",1
"2519","IPA-P1-P059",1
"2520","IPA-P1-P060",1
"2521","IPA-P1-P063",1
"2522","IPA-P1-P064",1
"2523","IPA-P1-P068",1
"2524","IPA-P1-P070",1
"2525","IPA-P1-P071",1
"2526","IPA-P1-P072",1
"2527","IPA-P1-P075",1
"2528","IPA-P1-P076",1
"2529","IPA-P1-P080",1
"2530","IPA-P1-P083",1
"2531","IPA-P1-P084",1
"2532","IPA-P1-P085",1
"2533","IPA-P1-P086",1
"2534","IPA-P1-P087",1
"2535","IPA-P1-P088",1
"2536","IPA-P1-P091",1
"2537","IPA-P1-P092",1
"2538","IPA-P1-P093",1
"2539","IPA-P1-P094",1
"2540","IPA-P1-P095",1
"2541","IPA-P1-P096",1
"2542","IPA-P1-P16",1
"2543","IPA-P2_P097",1
"2544","IPA-P2_P098",1
"2545","IPA-P2_P099",1
"2546","IPA-P2_P100",1
"2547","IPA-P2_P101",1
"2548","IPA-P2_P102",1
"2549","IPA-P2_P103",1
"2550","IPA-P2_P104",1
"2551","IPA-P2_P105",1
"2552","IPA-P2_P106",1
"2553","IPA-P2_P107",1
"2554","IPA-P2_P108",1
"2555","IPA-P2_P109",1
"2556","IPA-P2_P110",1
"2557","IPA-P2_P111",1
"2558","IPA-P2_P112",1
"2559","IPA-P2_P113",1
"2560","IPA-P2_P114",1
"2561","IPA-P2_P115",1
"2562","IPA-P2_P116",1
"2563","IPA-P2_P117",1
"2564","IPA-P2_P118",1
"2565","IPA-P2_P119",1
"2566","IPA-P2_P120",1
"2567","IPA-P2_P121",1
"2568","IPA-P2_P122",1
"2569","IPA-P2_P123",1
"2570","IPA-P2_P124",1
"2571","IPA-P2_P125",1
"2572","IPA-P2_P126",1
"2573","IPA-P2_P127",1
"2574","IPA-P2_P128",1
"2575","IPA-P2_P130",1
"2576","IPA_P1_P001",1
"2577","IPA_P1_P002",1
"2578","IPA_P1_P003",1
"2579","IPA_P1_P004",1
"2580","IPA_P1_P005",1
"2581","IPA_P1_P006",1
"2582","IPA_P1_P007",1
"2583","IPA_P1_P008",1
"2584","IPA_P1_P009",1
"2585","IPA_P1_P011",1
"2586","IPA_P1_P017",1
"2587","IPA_P1_P018",1
"2588","IPA_P1_P025",1
"2589","IPA_P1_P033",1
"2590","IPA_P1_P034",1
"2591","IPA_P1_P041",1
"2592","IPA_P1_P042",1
"2593","IPA_P1_P049",1
"2594","IPA_P1_P057",1
"2595","IPA_P1_P058",1
"2596","IPA_P1_P073",1
"2597","IPA_P1_P074",1
"2598","IPA_P1_P081",1
"2599","IPA_P1_P082",1
"2600","IPA_P1_P089",1
"2601","IPA_P1_P090",1
"2602","Linkage-PL30-PA0103",0
"2603","Linkage-PL30-PA0104",0
"2604","Linkage-PL30-PA0108",0
"2605","Linkage-PL30-PA0109",0
"2606","Linkage-PL30-PA0111",0
"2607","Linkage-PL30-PA0112",0
"2608","Linkage-PL30-PA0113",0
"2609","Linkage-PL30-PA0117",0
"2610","Linkage-PL30-PA0119",0
"2611","Linkage-PL30-PA0122",0
"2612","Linkage-PL30-PA0125",0
"2613","Linkage-PL30-PA0129",0
"2614","Linkage-PL30-PA0131",0
"2615","Linkage-PL30-PA0135",0
"2616","Linkage-PL30-PA0137",0
"2617","Linkage-PL30-PA0138",0
"2618","Linkage-PL30-PA0146",0
"2619","Linkage-PL30-PA0148",0
"2620","Linkage-PL30-PA0151",0
"2621","Linkage-PL30-PA0154",0
"2622","Linkage-PL30-PA0157",0
"2623","Linkage-PL30-PA0161",0
"2624","Linkage-PL30-PA0164",0
"2625","Linkage-PL30-PA0166",0
"2626","Linkage-PL30-PA0172",0
"2627","Linkage-PL30-PA0173",0
"2628","Linkage-PL30-PA0174",0
"2629","Linkage-PL30-PA0179",0
"2630","Linkage-PL30-PA0181",0
"2631","Linkage-PL30-PA0183",0
"2632","Linkage-PL30-PA0186",0
"2633","Linkage-PL30-PA0188",0
"2634","Linkage-PL30-PA0193",0
"2635","Linkage-PL30-PA0198",0
"2636","Linkage-PL30-PA0207",0
"2637","Linkage-PL30-PA0210",0
"2638","Linkage-PL30-PA0211",0
"2639","Linkage-PL30-PA0220",0
"2640","Linkage-PL30-PA0221",0
"2641","Linkage-PL30-PA0226",0
"2642","Linkage-PL30-PA0227",0
"2643","Linkage-PL30-PA0228",0
"2644","Linkage-PL30-PA0234",0
"2645","Linkage-PL30-PA0236",0
"2646","Linkage-PL30-PA0237",0
"2647","Linkage-PL30-PA0238",0
"2648","Linkage-PL30-PA0240",0
"2649","Linkage-PL30-PA0241",0
"2650","Linkage-PL30-PA0247",0
"2651","Linkage-PL30-PA0249",0
"2652","Linkage-PL30-PA0251",0
"2653","Linkage-PL30-PA0252",0
"2654","Linkage-PL30-PA0253",0
"2655","Linkage-PL30-PA0258",0
"2656","Linkage-PL30-PA0259",0
"2657","Linkage-PL30-PA0273",0
"2658","Linkage-PL30-PA0278",0
"2659","Linkage-PL30-PA0283",0
"2660","Linkage-PL30-PA0286",0
"2661","Linkage-PL30-PA0291",0
"2662","Linkage-PL30-PA0292",0
"2663","Linkage-PL30-PA0293",0
"2664","Linkage-PL30-PA0300",0
"2665","NNI-C1_10351",0
"2666","NNI-C1_10868",0
"2667","NNI-C1_12065",0
"2668","NNI-C1_1312",0
"2669","NNI-C1_13829",0
"2670","NNI-C1_14013",0
"2671","NNI-C1_1409",0
"2672","NNI-C1_17987",0
"2673","NNI-C1_2165",0
"2674","NNI-C1_22907",0
"2675","NNI-C1_24469",0
"2676","NNI-C1_24611",0
"2677","NNI-C1_26477",0
"2678","NNI-C1_26751",0
"2679","NNI-C1_28503",0
"2680","NNI-C1_31871",0
"2681","NNI-C1_3232",0
"2682","NNI-C1_32907",0
"2683","NNI-C1_40216",0
"2684","NNI-C1_40378",0
"2685","NNI-C1_40382",0
"2686","NNI-C1_40471",0
"2687","NNI-C1_40475",0
"2688","NNI-C1_40572",0
"2689","NNI-C1_40576",0
"2690","NNI-C1_40635",0
"2691","NNI-C1_40638",0
"2692","NNI-C1_40704",0
"2693","NNI-C1_40719",0
"2694","NNI-C1_40721",0
"2695","NNI-C1_40735",0
"2696","NNI-C1_40756",0
"2697","NNI-C1_40780",0
"2698","NNI-C1_40797",0
"2699","NNI-C1_40898",0
"2700","NNI-C1_40942",0
"2701","NNI-C1_40979",0
"2702","NNI-C1_41304",0
"2703","NNI-C1_41600",0
"2704","NNI-C1_42069",0
"2705","NNI-C1_42089",0
"2706","NNI-C1_42097",0
"2707","NNI-C1_42287",0
"2708","NNI-C1_42326",0
"2709","NNI-C1_42480",0
"2710","NNI-C1_42848",0
"2711","NNI-C1_43048",0
"2712","NNI-C1_43551",0
"2713","NNI-C1_43612",0
"2714","NNI-C1_43685",0
"2715","NNI-C1_44153",0
"2716","NNI-C1_44337",0
"2717","NNI-C1_44699",0
"2718","NNI-C1_44913",0
"2719","NNI-C1_45664",0
"2720","NNI-C1_45907",0
"2721","NNI-C1_45947",0
"2722","NNI-C1_46057",0
"2723","NNI-C1_46412",0
"2724","NNI-C1_46719",0
"2725","NNI-C1_47071",0
"2726","NNI-C1_47280",0
"2727","NNI-C1_47609",0
"2728","NNI-C1_50646",0
"2729","NNI-C1_50798",0
"2730","NNI-C1_51163",0
"2731","NNI-C1_5205",0
"2732","NNI-C1_52593",0
"2733","NNI-C1_577",0
"2734","NNI-C1_59895",0
"2735","NNI-C1_60014",0
"2736","NNI-C1_60412",0
"2737","NNI-C1_60520",0
"2738","NNI-C1_61971",0
"2739","NNI-C1_63486",0
"2740","NNI-C1_63566",0
"2741","NNI-C1_64504",0
"2742","NNI-C1_67018",0
"2743","NNI-C1_703",0
"2744","NNI-C1_888",0
"2745","NNI-C1_9375",0
"2746","NNI-C1_9750",0
"2747","NNI-C2-2163",0
"2748","NNI-C2-40570",0
"2749","NNI-C2-43105",0
"2750","NNI-C2-43465",0
"2751","NNI-C2-44127",0
"2752","NNI-C2-49281",0
"2753","NNI-C2-55097",0
"2754","NNI-C2-56075",0
"2755","NNI-C2-58758",0
"2756","NNI-C2-7381",0
"2757","NNI-C2_40521",0
"2758","NNI-C2_41492",0
"2759","NNI-C2_41882",0
"2760","NNI-C2_44949",0
"2761","NNI-C2_45853",0
"2762","NNI-C2_48142",0
"2763","NNI-C2_55319",0
"2764","NNI-C2_55476",0
"2765","NNI-C2_58530",0
"2766","NNI-C2_61085",0
"2767","NNI-C2_61477",0
"2768","NNI-C2_68195",0
"2769","NNI-C2_73837",0
"2770","NNI-C2_74077",0
"2771","NNI-P1_43289",1
"2772","NNI-P1_43290",1
"2773","NNI-P1_43291",1
"2774","NNI-P1_43292",1
"2775","NNI-P1_43293",1
"2776","NNI-P1_43378",1
"2777","NNI-P1_43379",1
"2778","NNI-P1_43453",1
"2779","NNI-P1_43454",1
"2780","NNI-P1_43592",1
"2781","NNI-P1_43593",1
"2782","NNI-P1_43726",1
"2783","NNI-P1_43943",1
"2784","NNI-P1_43944",1
"2785","NNI-P1_44080",1
"2786","NNI-P1_44081",1
"2787","NNI-P1_44158",1
"2788","NNI-P1_44159",1
"2789","NNI-P1_44240",1
"2790","NNI-P1_44241",1
"2791","NNI-P1_44296",1
"2792","NNI-P1_44297",1
"2793","NNI-P1_44379",1
"2794","NNI-P1_44380",1
"2795","NNI-P1_44381",1
"2796","NNI-P1_44382",1
"2797","NNI-P1_44458",1
"2798","NNI-P1_44459",1
"2799","NNI-P1_44460",1
"2800","NNI-P1_44461",1
"2801","NNI-P1_44528",1
"2802","NNI-P1_44529",1
"2803","NNI-P1_44530",1
"2804","NNI-P1_44641",1
"2805","NNI-P1_44642",1
"2806","NNI-P1_44643",1
"2807","NNI-P1_44644",1
"2808","NNI-P1_44645",1
"2809","NNI-P1_44646",1
"2810","NNI-P1_44785",1
"2811","NNI-P1_44786",1
"2812","NNI-P1_44902",1
"2813","NNI-P1_44903",1
"2814","NNI-P1_44904",1
"2815","NNI-P1_44905",1
"2816","NNI-P1_44907",1
"2817","NNI-P1_44981",1
"2818","NNI-P1_44982",1
"2819","NNI-P1_44983",1
"2820","NNI-P1_45462",1
"2821","NNI-P1_45548",1
"2822","NNI-P1_45631",1
"2823","NNI-P1_45632",1
"2824","NNI-P1_45714",1
"2825","NNI-P1_45715",1
"2826","NNI-P1_45805",1
"2827","NNI-P1_45879",1
"2828","NNI-P1_45880",1
"2829","NNI-P1_45881",1
"2830","NNI-P1_45882",1
"2831","NNI-P1_45944",1
"2832","NNI-P1_46045",1
"2833","NNI-P1_46046",1
"2834","NNI-P1_46139",1
"2835","NNI-P1_46140",1
"2836","NNI-P1_46141",1
"2837","NNI-P1_46142",1
"2838","NNI-P1_46557",1
"2839","NNI-P1_46558",1
"2840","NNI-P1_46655",1
"2841","NNI-P1_46748",1
"2842","NNI-P1_46958",1
"2843","NNI-P1_47106",1
"2844","NNI-P1_47243",1
"2845","NNI-P1_47244",1
"2846","NNI-P1_47548",1
"2847","NNI-P1_47757",1
"2848","NNI-P1_47860",1
"2849","NNI-P1_48074",1
"2850","NNI-P1_48572",1
"2851","NNI-P1_48573",1
"2852","NNI-P1_49090",1
"2853","NNI-P1_49091",1
"2854","NNI-P1_49145",1
"2855","NNI-P1_49493",1
"2856","NNI-P1_49789",1
"2857","NNI-P1_50187",1
"2858","NNI-P1_50343",1
"2859","NNI-P1_50344",1
"2860","NNI_C2_31650",0
"2861","NNI_C2_40503",0
"2862","NNI_C2_40533",0
"2863","NNI_C2_40831",0
"2864","NNI_C2_40869",0
"2865","NNI_C2_40960",0
"2866","NNI_C2_44502",0
"2867","NNI_C2_50100",0
"2868","NNI_C2_58412",0
"2869","NNI_C2_58740",0
"2870","NNI_C2_65563",0
"2871","NNI_C2_67988",0
"2872","NNI_P2_50603",1
"2873","NNI_P2_50947",1
"2874","NNI_P2_51742",1
"2875","NNI_P2_51743",1
"2876","NNI_P2_51964",1
"2877","NNI_P2_53554",1
"2878","NNI_P2_53782",1
"2879","NNI_P2_53900",1
"2880","NNI_P2_54009",1
"2881","NNI_P2_54509",1
"2882","NNI_P2_54528",1
"2883","NNI_P2_55881",1
"2884","NNI_P2_55882",1
"2885","NNI_P2_55981",1
"2886","NNI_P2_56454",1
"2887","NNI_P2_56820",1
"2888","NNI_P2_56940",1
"2889","NNI_P2_57465",1
"2890","NNI_P2_58167",1
"2891","NNI_P2_58529",1
"2892","NNI_P2_58982",1
"2893","NNI_P2_60863",1
"2894","NNI_P2_61048",1
"2895","NNI_P2_61371",1
"2896","NNI_P2_61490",1
"2897","NNI_P2_63446",1
"2898","NNI_P2_63583",1
"2899","NNI_P2_63824",1
"2900","NNI_P2_64488",1
"2901","NNI_P2_65637",1
"2902","NNI_P2_66191",1
"2903","NNI_P2_66496",1
"2904","NNI_P2_66529",1
"2905","NNI_P2_66537",1
"2906","NNI_P2_66635",1
"2907","NNI_P2_66687",1
"2908","NNI_P2_66745",1
"2909","NNI_P2_73914",1
"2910","NNI_P2_73915",1
"2911","NNI_P2_74286",1
"2912","NNI_P2_74287",1
"2913","NNI_P2_74408",1
"2914","NNI_P2_74764",1
"2915","NNI_P2_75567",1
"2916","NNI_P2_75623",1
"2917","NNI_P2_76396",1
"2918","RCL-C1-C001",0
"2919","RCL-C1-C002",0
"2920","RCL-C1-C003",0
"2921","RCL-C1-C004",0
"2922","RCL-C1-C005",0
"2923","RCL-C1-C006",0
"2924","RCL-C1-C007",0
"2925","RCL-C1-C008",0
"2926","RCL-C1-C009",0
"2927","RCL-C1-C010",0
"2928","RCL-C1-C011",0
"2929","RCL-C1-C012",0
"2930","RCL-C1-C013",0
"2931","RCL-C1-C014",0
"2932","RCL-C1-C015",0
"2933","RCL-C1-C016",0
"2934","RCL-C1-C017",0
"2935","RCL-C1-C018",0
"2936","RCL-C1-C019",0
"2937","RCL-C1-C020",0
"2938","RCL-C1-C021",0
"2939","RCL-C1-C025",0
"2940","RCL-C1-C026",0
"2941","RCL-C1-C027",0
"2942","RCL-C1-C028",0
"2943","RCL-C1-C029",0
"2944","RCL-C1-C031",0
"2945","RCL-C1-C032",0
"2946","RCL-C1-C033",0
"2947","RCL-C1-C034",0
"2948","RCL-C1-C035",0
"2949","RCL-C1-C036",0
"2950","RCL-C1-C037",0
"2951","RCL-C1-C038",0
"2952","RCL-C1-C039",0
"2953","RCL-C1-C040",0
"2954","RCL-C1-C041",0
"2955","RCL-C1-C042",0
"2956","RCL-C1-C043",0
"2957","RCL-C1-C044",0
"2958","RCL-C1-C045",0
"2959","RCL-C1-C046",0
"2960","RCL-C1-C047",0
"2961","RCL-C1-C048",0
"2962","RCL-C1-C049",0
"2963","RCL-C1-C050",0
"2964","RCL-C1-C051",0
"2965","RCL-C1-C052",0
"2966","RCL-C1-C053",0
"2967","RCL-C1-C054",0
"2968","RCL-C1-C055",0
"2969","RCL-C1-C056",0
"2970","RCL-C1-C058",0
"2971","RCL-C1-C059",0
"2972","RCL-C1-C060",0
"2973","RCL-C1-C061",0
"2974","RCL-C1-C062",0
"2975","RCL-C1-C063",0
"2976","RCL-C1-C064",0
"2977","RCL-C1-C065",0
"2978","RCL-C1-C066",0
"2979","RCL-C1-C067",0
"2980","RCL-C1-C068",0
"2981","RCL-C1-C069",0
"2982","RCL-C1-C070",0
"2983","RCL-C1-C072",0
"2984","RCL-C1-C073",0
"2985","RCL-C1-C074",0
"2986","RCL-C1-C075",0
"2987","RCL-C1-C076",0
"2988","RCL-C1-C077",0
"2989","RCL-C1-C078",0
"2990","RCL-C1-C079",0
"2991","RCL-C1-C080",0
"2992","RCL-C1-C081",0
"2993","RCL-C1-C082",0
"2994","RCL-C1-C083",0
"2995","RCL-C1-C084",0
"2996","RCL-C1-C085",0
"2997","RCL-C1-C086",0
"2998","RCL-C1-C087",0
"2999","RCL-C1-C088",0
"3000","RCL-C1-C089",0
"3001","RCL-C1-C090",0
"3002","RCL-C1-C091",0
"3003","RCL-C1-C092",0
"3004","RCL-C1-C093",0
"3005","RCL-C1-C094",0
"3006","RCL-C1-C096",0
"3007","RCL-P1-P002",1
"3008","RCL-P1-P003",1
"3009","RCL-P1-P004",1
"3010","RCL-P1-P005",1
"3011","RCL-P1-P006",1
"3012","RCL-P1-P007",1
"3013","RCL-P1-P008",1
"3014","RCL-P1-P009",1
"3015","RCL-P1-P010",1
"3016","RCL-P1-P011",1
"3017","RCL-P1-P012",1
"3018","RCL-P1-P013",1
"3019","RCL-P1-P014",1
"3020","RCL-P1-P015",1
"3021","RCL-P1-P017",1
"3022","RCL-P1-P018",1
"3023","RCL-P1-P019",1
"3024","RCL-P1-P020",1
"3025","RCL-P1-P021",1
"3026","RCL-P1-P022",1
"3027","RCL-P1-P023",1
"3028","RCL-P1-P024",1
"3029","RCL-P1-P026",1
"3030","RCL-P1-P027",1
"3031","RCL-P1-P028",1
"3032","RCL-P1-P029",1
"3033","RCL-P1-P030",1
"3034","RCL-P1-P031",1
"3035","RCL-P1-P032",1
"3036","RCL-P1-P033",1
"3037","RCL-P1-P034",1
"3038","RCL-P1-P035",1
"3039","RCL-P1-P036",1
"3040","RCL-P1-P037",1
"3041","RCL-P1-P038",1
"3042","RCL-P1-P039",1
"3043","RCL-P1-P040",1
"3044","RCL-P1-P042",1
"3045","RCL-P1-P043",1
"3046","RCL-P1-P044",1
"3047","RCL-P1-P045",1
"3048","RCL-P1-P046",1
"3049","RCL-P1-P047",1
"3050","RCL-P1-P048",1
"3051","RCL-P1-P049",1
"3052","RCL-P1-P050",1
"3053","RCL-P1-P051",1
"3054","RCL-P1-P052",1
"3055","RCL-P1-P053",1
"3056","RCL-P1-P054",1
"3057","RCL-P1-P055",1
"3058","RCL-P1-P056",1
"3059","RCL-P1-P057",1
"3060","RCL-P1-P058",1
"3061","RCL-P1-P059",1
"3062","RCL-P1-P060",1
"3063","RCL-P1-P061",1
"3064","RCL-P1-P062",1
"3065","RCL-P1-P063",1
"3066","RCL-P1-P064",1
"3067","RCL-P1-P065",1
"3068","RCL-P1-P066",1
"3069","RCL-P1-P068",1
"3070","RCL-P1-P069",1
"3071","RCL-P1-P070",1
"3072","RCL-P1-P071",1
"3073","RCL-P1-P072",1
"3074","RCL-P1-P073",1
"3075","RCL-P1-P074",1
"3076","RCL-P1-P075",1
"3077","RCL-P1-P076",1
"3078","RCL-P1-P077",1
"3079","RCL-P1-P082",1
"3080","RCL-P1-P083",1
"3081","RCL-P1-P084",1
"3082","RCL-P1-P085",1
"3083","RCL-P1-P086",1
"3084","RCL-P1-P087",1
"3085","RCL-P1-P088",1
"3086","RCL-P1-P089",1
"3087","RCL-P1-P090",1
"3088","RCL-P1-P091",1
"3089","RCL-P1-P092",1
"3090","RCL-P1-P093",1
"3091","RCL-P1-P094",1
"3092","RCL-P1-P095",1
"3093","RCL-P1-P096",1
"3094","ZZU-C1-C001",0
"3095","ZZU-C1-C002",0
"3096","ZZU-C1-C003",0
"3097","ZZU-C1-C004",0
"3098","ZZU-C1-C005",0
"3099","ZZU-C1-C006",0
"3100","ZZU-C1-C007",0
"3101","ZZU-C1-C008",0
"3102","ZZU-C1-C009",0
"3103","ZZU-C1-C010",0
"3104","ZZU-C1-C011",0
"3105","ZZU-C1-C012",0
"3106","ZZU-C1-C014",0
"3107","ZZU-C1-C015",0
"3108","ZZU-C1-C016",0
"3109","ZZU-C1-C017",0
"3110","ZZU-C1-C018",0
"3111","ZZU-C1-C019",0
"3112","ZZU-C1-C020",0
"3113","ZZU-C1-C021",0
"3114","ZZU-C1-C022",0
"3115","ZZU-C1-C023",0
"3116","ZZU-C1-C024",0
"3117","ZZU-C1-C025",0
"3118","ZZU-C1-C026",0
"3119","ZZU-C1-C027",0
"3120","ZZU-C1-C028",0
"3121","ZZU-C1-C029",0
"3122","ZZU-C1-C030",0
"3123","ZZU-C1-C031",0
"3124","ZZU-C1-C032",0
"3125","ZZU-C1-C033",0
"3126","ZZU-C1-C034",0
"3127","ZZU-C1-C035",0
"3128","ZZU-C1-C036",0
"3129","ZZU-C1-C037",0
"3130","ZZU-C1-C038",0
"3131","ZZU-C1-C039",0
"3132","ZZU-C1-C040",0
"3133","ZZU-C1-C041",0
"3134","ZZU-C1-C042",0
"3135","ZZU-C1-C043",0
"3136","ZZU-C1-C044",0
"3137","ZZU-C1-C045",0
"3138","ZZU-C1-C046",0
"3139","ZZU-C1-C047",0
"3140","ZZU-C1-C048",0
"3141","ZZU-C1-C049",0
"3142","ZZU-C1-C050",0
"3143","ZZU-C1-C051",0
"3144","ZZU-C1-C052",0
"3145","ZZU-C1-C053",0
"3146","ZZU-C1-C054",0
"3147","ZZU-C1-C055",0
"3148","ZZU-C1-C056",0
"3149","ZZU-C1-C057",0
"3150","ZZU-C1-C058",0
"3151","ZZU-C1-C059",0
"3152","ZZU-C1-C060",0
"3153","ZZU-C1-C061",0
"3154","ZZU-C1-C062",0
"3155","ZZU-C1-C063",0
"3156","ZZU-C1-C064",0
"3157","ZZU-C1-C065",0
"3158","ZZU-C1-C066",0
"3159","ZZU-C1-C067",0
"3160","ZZU-C1-C069",0
"3161","ZZU-C1-C070",0
"3162","ZZU-C1-C071",0
"3163","ZZU-C1-C072",0
"3164","ZZU-C1-C073",0
"3165","ZZU-C1-C074",0
"3166","ZZU-C1-C075",0
"3167","ZZU-C1-C076",0
"3168","ZZU-C1-C077",1
"3169","ZZU-C1-C078",0
"3170","ZZU-C1-C079",0
"3171","ZZU-C1-C080",0
"3172","ZZU-C1-C081",0
"3173","ZZU-C1-C082",0
"3174","ZZU-C1-C083",0
"3175","ZZU-C1-C084",0
"3176","ZZU-C1-C085",0
"3177","ZZU-C1-C086",0
"3178","ZZU-C1-C087",0
"3179","ZZU-C1-C088",0
"3180","ZZU-C1-C089",0
"3181","ZZU-C1-C090",0
"3182","ZZU-C1-C091",0
"3183","ZZU-C1-C092",0
"3184","ZZU-C1-C093",0
"3185","ZZU-C1-C094",0
"3186","ZZU-C1-C095",0
"3187","ZZU-C1-C096",0
"3188","ZZU-P1-P001",1
"3189","ZZU-P1-P003",1
"3190","ZZU-P1-P004",1
"3191","ZZU-P1-P006",1
"3192","ZZU-P1-P007",1
"3193","ZZU-P1-P008",1
"3194","ZZU-P1-P009",1
"3195","ZZU-P1-P010",1
"3196","ZZU-P1-P011",1
"3197","ZZU-P1-P012",1
"3198","ZZU-P1-P013",1
"3199","ZZU-P1-P014",1
"3200","ZZU-P1-P015",1
"3201","ZZU-P1-P016",1
"3202","ZZU-P1-P017",1
"3203","ZZU-P1-P018",1
"3204","ZZU-P1-P019",1
"3205","ZZU-P1-P020",1
"3206","ZZU-P1-P021",1
"3207","ZZU-P1-P022",1
"3208","ZZU-P1-P023",1
"3209","ZZU-P1-P024",1
"3210","ZZU-P1-P025",1
"3211","ZZU-P1-P026",1
"3212","ZZU-P1-P027",1
"3213","ZZU-P1-P028",1
"3214","ZZU-P1-P029",1
"3215","ZZU-P1-P031",1
"3216","ZZU-P1-P032",1
"3217","ZZU-P1-P033",1
"3218","ZZU-P1-P034",1
"3219","ZZU-P1-P035",1
"3220","ZZU-P1-P036",1
"3221","ZZU-P1-P037",1
"3222","ZZU-P1-P038",1
"3223","ZZU-P1-P039",1
"3224","ZZU-P1-P040",1
"3225","ZZU-P1-P041",1
"3226","ZZU-P1-P042",1
"3227","ZZU-P1-P043",1
"3228","ZZU-P1-P044",1
"3229","ZZU-P1-P045",1
"3230","ZZU-P1-P046",1
"3231","ZZU-P1-P047",1
"3232","ZZU-P1-P048",1
"3233","ZZU-P1-P049",1
"3234","ZZU-P1-P050",1
"3235","ZZU-P1-P051",1
"3236","ZZU-P1-P052",1
"3237","ZZU-P1-P053",1
"3238","ZZU-P1-P054",1
"3239","ZZU-P1-P055",1
"3240","ZZU-P1-P056",1
"3241","ZZU-P1-P057",1
"3242","ZZU-P1-P058",1
"3243","ZZU-P1-P059",1
"3244","ZZU-P1-P060",1
"3245","ZZU-P1-P061",1
"3246","ZZU-P1-P062",1
"3247","ZZU-P1-P063",1
"3248","ZZU-P1-P064",1
"3249","ZZU-P1-P065",1
"3250","ZZU-P1-P066",1
"3251","ZZU-P1-P067",1
"3252","ZZU-P1-P068",1
"3253","ZZU-P1-P069",1
"3254","ZZU-P1-P070",1
"3255","ZZU-P1-P071",1
"3256","ZZU-P1-P072",1
"3257","ZZU-P1-P073",1
"3258","ZZU-P1-P074",1
"3259","ZZU-P1-P075",1
"3260","ZZU-P1-P076",1
"3261","ZZU-P1-P077",1
"3262","ZZU-P1-P078",1
"3263","ZZU-P1-P079",1
"3264","ZZU-P1-P080",1
"3265","ZZU-P1-P081",1
"3266","ZZU-P1-P082",1
"3267","ZZU-P1-P083",1
"3268","ZZU-P1-P084",1
"3269","ZZU-P1-P085",1
"3270","ZZU-P1-P086",1
"3271","ZZU-P1-P087",1
"3272","ZZU-P1-P088",1
"3273","ZZU-P1-P089",1
"3274","ZZU-P1-P090",1
"3275","ZZU-P1-P091",1
"3276","ZZU-P1-P092",1
"3277","ZZU-P1-P093",1
"3278","ZZU-P1-P094",1
"3279","ZZU-P1-P095",1
"3280","ZZU-P1-P096",1
